id,nenshu,"name",rating,rating_count,"daily_hours_worked","created_at","updated_at"
2349,413,"トランスコスモス株式会社",67,3826,"9-10","2016-11-08 23:17:32","2016-11-08 23:17:32"
2350,831,"日本アイ・ビー・エム株式会社",74,3362,"9-10","2016-11-08 23:17:32","2016-11-08 23:17:32"
2351,512,"株式会社ベルシステム２４",70,2290,"9-10","2016-11-08 23:17:32","2016-11-08 23:17:32"
2352,556,"ソフトバンク株式会社",74,2235,"9-10","2016-11-08 23:17:32","2016-11-08 23:17:32"
2353,775,"日本ヒューレット・パッカード株式会社",73,1807,"9-10","2016-11-08 23:17:32","2016-11-08 23:17:32"
2354,630,"ＫＤＤＩ株式会社",71,1581,"9-10","2016-11-08 23:17:32","2016-11-08 23:17:32"
2355,569,"ＴＩＳ株式会社",69,1021,"9-10","2016-11-08 23:17:32","2016-11-08 23:17:32"
2356,596,"楽天株式会社",78,879,"10-11","2016-11-08 23:17:32","2016-11-08 23:17:32"
2357,749,"アクセンチュア株式会社",82,856,"10-11","2016-11-08 23:17:32","2016-11-08 23:17:32"
2358,695,"エヌ・ティ・ティ・コミュニケーションズ株式会社（NTTコミュニケーションズ）",74,784,"9-10","2016-11-08 23:17:32","2016-11-08 23:17:32"
2359,578,"株式会社日立ソリューションズ",70,757,"9-10","2016-11-08 23:17:33","2016-11-08 23:17:33"
2360,561,"ヤフー株式会社",75,755,"9-10","2016-11-08 23:17:33","2016-11-08 23:17:33"
2361,554,"ソフトバンクBB株式会社",74,650,"9-10","2016-11-08 23:17:33","2016-11-08 23:17:33"
2362,651,"アマゾン ジャパン合同会社",73,647,"9-10","2016-11-08 23:17:33","2016-11-08 23:17:33"
2363,611,"株式会社NTTドコモ",72,646,"8-9","2016-11-08 23:17:33","2016-11-08 23:17:33"
2364,814,"日本オラクル株式会社",75,627,"9-10","2016-11-08 23:17:33","2016-11-08 23:17:33"
2365,883,"日本マイクロソフト株式会社",78,622,"9-10","2016-11-08 23:17:33","2016-11-08 23:17:33"
2366,414,"株式会社テクノプロ",61,615,"9-10","2016-11-08 23:17:33","2016-11-08 23:17:33"
2367,606,"株式会社エヌ・ティ・ティ・データ",74,599,"9-10","2016-11-08 23:17:33","2016-11-08 23:17:33"
2368,495,"株式会社ぐるなび",70,575,"10-11","2016-11-08 23:17:33","2016-11-08 23:17:33"
2369,475,"株式会社エヌ・ティ・ティ・ソルコ",63,548,"8-9","2016-11-08 23:17:35","2016-11-08 23:17:35"
2370,474,"株式会社ティーガイア",72,502,"9-10","2016-11-08 23:17:35","2016-11-08 23:17:35"
2371,599,"株式会社ワークスアプリケーションズ",76,468,"10-11","2016-11-08 23:17:35","2016-11-08 23:17:35"
2372,591,"株式会社リクルートコミュニケーションズ",87,414,"9-10","2016-11-08 23:17:35","2016-11-08 23:17:35"
2373,624,"Apple Japan",76,412,"8-9","2016-11-08 23:17:35","2016-11-08 23:17:35"
2374,384,"ヒューマンリソシア株式会社",66,400,"9-10","2016-11-08 23:17:35","2016-11-08 23:17:35"
2375,350,"ＢＢコール株式会社",72,370,"8-9","2016-11-08 23:17:35","2016-11-08 23:17:35"
2376,909,"シスコシステムズ合同会社",83,357,"9-10","2016-11-08 23:17:35","2016-11-08 23:17:35"
2377,550,"株式会社ＮＴＴ東日本－北海道",68,343,"8-9","2016-11-08 23:17:35","2016-11-08 23:17:35"
2378,697,"伊藤忠テクノソリューションズ株式会社（CTC）",72,340,"9-10","2016-11-08 23:17:35","2016-11-08 23:17:35"
2379,372,"株式会社かんでんＣＳフォーラム",73,336,"9-10","2016-11-08 23:17:36","2016-11-08 23:17:36"
2380,317,"株式会社エヌ・ティ・ティマーケティングアクト",61,336,"8-9","2016-11-08 23:17:36","2016-11-08 23:17:36"
2381,509,"ビーウィズ株式会社",71,328,"9-10","2016-11-08 23:17:36","2016-11-08 23:17:36"
2382,365,"株式会社ワールドインテック",64,328,"9-10","2016-11-08 23:17:36","2016-11-08 23:17:36"
2383,537,"株式会社サイバーエージェント",79,322,"10-11","2016-11-08 23:17:36","2016-11-08 23:17:36"
2384,672,"西日本電信電話株式会社",65,319,"8-9","2016-11-08 23:17:36","2016-11-08 23:17:36"
2385,470,"株式会社TMJ",69,318,"9-10","2016-11-08 23:17:36","2016-11-08 23:17:36"
2386,355,"株式会社パイオン",72,313,"9-10","2016-11-08 23:17:36","2016-11-08 23:17:36"
2387,439,"ドコモ・サポート株式会社",68,289,"8-9","2016-11-08 23:17:36","2016-11-08 23:17:36"
2388,637,"東日本電信電話株式会社（NTT東日本）",73,285,"9-10","2016-11-08 23:17:36","2016-11-08 23:17:36"
2389,425,"株式会社ドコモＣＳ",66,272,"8-9","2016-11-08 23:17:37","2016-11-08 23:17:37"
2390,546,"イー・アクセス株式会社",69,209,"10-11","2016-11-08 23:17:37","2016-11-08 23:17:37"
2392,640,"ルネサスマイクロシステム株式会社",67,194,"9-10","2016-11-08 23:17:37","2016-11-08 23:17:37"
2393,771,"コニカミノルタ株式会社",69,234,"9-10","2016-11-08 23:17:37","2016-11-08 23:17:37"
2394,588,"関西電力株式会社",68,234,"9-10","2016-11-08 23:17:37","2016-11-08 23:17:37"
2395,375,"ＷＤＢ株式会社",71,227,"9-10","2016-11-08 23:17:37","2016-11-08 23:17:37"
2396,776,"伊藤忠商事株式会社",76,226,"9-10","2016-11-08 23:17:37","2016-11-08 23:17:37"
2397,630,"株式会社ＮＴＴデータ・スマートソーシング",68,225,"9-10","2016-11-08 23:17:37","2016-11-08 23:17:37"
2398,436,"MXモバイリング株式会社",67,219,"9-10","2016-11-08 23:17:39","2016-11-08 23:17:39"
2399,547,"NECシステムテクノロジー株式会社",62,217,"9-10","2016-11-08 23:17:39","2016-11-08 23:17:39"
2400,385,"株式会社アイフラッグ",70,214,"10-11","2016-11-08 23:17:39","2016-11-08 23:17:39"
2401,483,"株式会社マックスコム",69,197,"10-11","2016-11-08 23:17:39","2016-11-08 23:17:39"
2403,850,"グーグル株式会社",84,191,"8-9","2016-11-08 23:17:39","2016-11-08 23:17:39"
2404,913,"SAPジャパン株式会社",74,191,"10-11","2016-11-08 23:17:39","2016-11-08 23:17:39"
2405,380,"株式会社ＣＳＩ",54,191,"9-10","2016-11-08 23:17:39","2016-11-08 23:17:39"
2406,725,"グリー株式会社",71,188,"9-10","2016-11-08 23:17:39","2016-11-08 23:17:39"
2407,525,"ＮＥＣネッツエスアイ株式会社",63,182,"9-10","2016-11-08 23:17:39","2016-11-08 23:17:39"
2408,420,"ＧＭＯインターネット株式会社",74,180,"9-10","2016-11-08 23:17:40","2016-11-08 23:17:40"
2409,414,"コムテック株式会社",63,162,"9-10","2016-11-08 23:17:40","2016-11-08 23:17:40"
2410,432,"ラディックス株式会社",66,158,"10-11","2016-11-08 23:17:40","2016-11-08 23:17:40"
2411,507,"株式会社ＷＯＷＯＷコミュニケーションズ",71,150,"8-9","2016-11-08 23:17:40","2016-11-08 23:17:40"
2412,733,"株式会社QVCジャパン",67,148,"9-10","2016-11-08 23:17:40","2016-11-08 23:17:40"
2413,586,"富士ゼロックスシステムサービス株式会社",67,146,"9-10","2016-11-08 23:17:40","2016-11-08 23:17:40"
2414,410,"ＮＴＴデータマネジメントサービス株式会社",65,145,"8-9","2016-11-08 23:17:40","2016-11-08 23:17:40"
2415,519,"株式会社マクロミル",76,142,"10-11","2016-11-08 23:17:40","2016-11-08 23:17:40"
2416,437,"ソフトウエア興業株式会社",60,140,"10-11","2016-11-08 23:17:40","2016-11-08 23:17:40"
2417,475,"キヤノンビズアテンダ株式会社",66,133,"9-10","2016-11-08 23:17:41","2016-11-08 23:17:41"
2418,430,"株式会社ＫＤＤＩエボルバコールアドバンス",73,131,"9-10","2016-11-08 23:17:41","2016-11-08 23:17:41"
2419,300,"株式会社スマートテクノロジー",44,131,"9-10","2016-11-08 23:17:41","2016-11-08 23:17:41"
2420,580,"GMOクラウド株式会社",70,130,"9-10","2016-11-08 23:17:41","2016-11-08 23:17:41"
2421,662,"日本アイ・ビー・エム・サービス株式会社",74,129,"9-10","2016-11-08 23:17:41","2016-11-08 23:17:41"
2422,333,"ベイシスホールディングス株式会社",68,127,"9-10","2016-11-08 23:17:41","2016-11-08 23:17:41"
2423,560,"NTTコムマーケティング株式会社",64,124,"8-9","2016-11-08 23:17:41","2016-11-08 23:17:41"
2424,338,"株式会社ハロネット",78,123,"10-11","2016-11-08 23:17:41","2016-11-08 23:17:41"
2425,583,"株式会社ベイカレント・コンサルティング",68,118,"10-11","2016-11-08 23:17:41","2016-11-08 23:17:41"
2426,500,"株式会社ＪＩＥＣ",74,117,"9-10","2016-11-08 23:17:43","2016-11-08 23:17:43"
2427,470,"Sky株式会社",71,117,"8-9","2016-11-08 23:17:43","2016-11-08 23:17:43"
2428,472,"NTTコム エンジニアリング株式会社",69,117,"8-9","2016-11-08 23:17:43","2016-11-08 23:17:43"
2429,438,"株式会社gloops",67,116,"9-10","2016-11-08 23:17:43","2016-11-08 23:17:43"
2430,583,"株式会社ＳＲＡ",62,116,"10-11","2016-11-08 23:17:43","2016-11-08 23:17:43"
2431,573,"ＬＩＮＥ株式会社",71,112,"9-10","2016-11-08 23:17:43","2016-11-08 23:17:43"
2432,343,"キャンシステム株式会社",65,112,"9-10","2016-11-08 23:17:43","2016-11-08 23:17:43"
2433,470,"ドコモ・ビジネスネット株式会社",61,111,"8-9","2016-11-08 23:17:43","2016-11-08 23:17:43"
2434,490,"株式会社ぺイロール",81,109,"9-10","2016-11-08 23:17:43","2016-11-08 23:17:43"
2436,430,"株式会社日立ソリューションズ・クリエイト",67,107,"9-10","2016-11-08 23:17:45","2016-11-08 23:17:45"
2437,561,"三菱電機情報ネットワーク株式会社",63,107,"9-10","2016-11-08 23:17:45","2016-11-08 23:17:45"
2438,433,"株式会社NTTフィールドテクノ",68,106,"8-9","2016-11-08 23:17:45","2016-11-08 23:17:45"
2440,338," 日本PCサービス株式会社",80,104,"10-11","2016-11-08 23:17:45","2016-11-08 23:17:45"
2441,436,"パナソニックテレコム株式会社",68,77,"10-11","2016-11-08 23:17:45","2016-11-08 23:17:45"
2442,508,"ＫＤＤＩエンジニアリング株式会社",64,104,"9-10","2016-11-08 23:17:45","2016-11-08 23:17:45"
2443,336,"レグセントジョイラー株式会社",83,97,"9-10","2016-11-08 23:17:45","2016-11-08 23:17:45"
2444,517,"ＫＬａｂ株式会社",67,96,"9-10","2016-11-08 23:17:45","2016-11-08 23:17:45"
2445,480,"株式会社SHIFT",62,96,"10-11","2016-11-08 23:17:46","2016-11-08 23:17:46"
2446,659,"株式会社ディー・エヌ・エー",78,93,"10-11","2016-11-08 23:17:46","2016-11-08 23:17:46"
2447,560,"富士通ＩＴマネジメントパートナー株式会社",59,90,"9-10","2016-11-08 23:17:46","2016-11-08 23:17:46"
2448,496,"株式会社シーエーシー",64,89,"9-10","2016-11-08 23:17:46","2016-11-08 23:17:46"
2449,550,"株式会社ジェイコムウエスト",74,86,"8-9","2016-11-08 23:17:46","2016-11-08 23:17:46"
2450,850,"トムソン・ロイター・マーケッツ株式会社",74,85,"9-10","2016-11-08 23:17:46","2016-11-08 23:17:46"
2451,517,"株式会社ジェイコム東京",71,83,"9-10","2016-11-08 23:17:47","2016-11-08 23:17:47"
2452,330,"吉田通信株式会社",70,81,"9-10","2016-11-08 23:17:47","2016-11-08 23:17:47"
2453,446,"株式会社日立情報システムズ",70,81,"9-10","2016-11-08 23:17:47","2016-11-08 23:17:47"
2454,311,"株式会社アイテム",62,81,"9-10","2016-11-08 23:17:47","2016-11-08 23:17:47"
2456,506,"株式会社Ｕ－ＮＥＸＴ",78,80,"9-10","2016-11-08 23:17:47","2016-11-08 23:17:47"
2457,500,"リコー・ヒューマン・クリエイツ株式会社",73,72,"8-9","2016-11-08 23:17:47","2016-11-08 23:17:47"
2458,737,"株式会社セールスフォース・ドットコム",90,78,"8-9","2016-11-08 23:17:47","2016-11-08 23:17:47"
2459,950,"アドビシステムズ株式会社",67,77,"9-10","2016-11-08 23:17:47","2016-11-08 23:17:47"
2460,535,"株式会社富士通ビー・エス・シー",63,76,"9-10","2016-11-08 23:17:47","2016-11-08 23:17:47"
2462,500,"弥生株式会社",83,75,"9-10","2016-11-08 23:17:49","2016-11-08 23:17:49"
2463,557,"株式会社サイバード",71,75,"10-11","2016-11-08 23:17:49","2016-11-08 23:17:49"
2464,379,"株式会社エムズワークス",71,74,"9-10","2016-11-08 23:17:49","2016-11-08 23:17:49"
2465,356,"株式会社iFRONT",70,74,"9-10","2016-11-08 23:17:49","2016-11-08 23:17:49"
2466,790,"エクスパダイト株式会社",60,66,"8-9","2016-11-08 23:17:49","2016-11-08 23:17:49"
2467,550,"ＧＭＯペイメントゲートウェイ株式会社",72,73,"10-11","2016-11-08 23:17:49","2016-11-08 23:17:49"
2468,675,"ドコモ・システムズ株式会社",66,73,"8-9","2016-11-08 23:17:49","2016-11-08 23:17:49"
2469,539,"エイピーピー・ジャパン株式会社",73,68,"9-10","2016-11-08 23:17:49","2016-11-08 23:17:49"
2470,457,"クルーズ株式会社",67,68,"10-11","2016-11-08 23:17:50","2016-11-08 23:17:50"
2471,417,"株式会社ATGS",51,66,"9-10","2016-11-08 23:17:50","2016-11-08 23:17:50"
2472,675,"エヌ・ティ・ティレゾナント株式会社",65,65,"9-10","2016-11-08 23:17:50","2016-11-08 23:17:50"
2474,417,"株式会社グロージェント",78,63,"8-9","2016-11-08 23:17:50","2016-11-08 23:17:50"
2475,463,"株式会社ソケッツ",65,63,"9-10","2016-11-08 23:17:50","2016-11-08 23:17:50"
2476,345,"株式会社カーチスホールディングス",64,63,"10-11","2016-11-08 23:17:50","2016-11-08 23:17:50"
2477,368,"株式会社アポロシステム",63,63,"9-10","2016-11-08 23:17:50","2016-11-08 23:17:50"
2479,363,"ＶＡＬＷＡＹ１２１ネット株式会社",82,61,"8-9","2016-11-08 23:17:51","2016-11-08 23:17:51"
2480,486,"株式会社ラック",62,61,"9-10","2016-11-08 23:17:51","2016-11-08 23:17:51"
2483,300,"株式会社ドゥファイン",73,60,"9-10","2016-11-08 23:17:51","2016-11-08 23:17:51"
2484,525,"株式会社ウィルコム",72,48,"9-10","2016-11-08 23:17:51","2016-11-08 23:17:51"
2485,475,"ソラン株式会社",70,54,"9-10","2016-11-08 23:17:51","2016-11-08 23:17:51"
2486,486,"ＮＯＣ日本アウトソーシング株式会社",64,60,"9-10","2016-11-08 23:17:51","2016-11-08 23:17:51"
2487,550,"株式会社ヴァリューシステム",72,59,"8-9","2016-11-08 23:17:51","2016-11-08 23:17:51"
2488,569,"エルピーダメモリ株式会社",67,59,"9-10","2016-11-08 23:17:53","2016-11-08 23:17:53"
2489,850,"ドコモ・モバイルメディア関西株式会社",62,44,"10-11","2016-11-08 23:17:53","2016-11-08 23:17:53"
2490,390,"日本システム技術株式会社",50,59,"10-11","2016-11-08 23:17:53","2016-11-08 23:17:53"
2491,302,"株式会社デジホン兵庫",69,58,"9-10","2016-11-08 23:17:53","2016-11-08 23:17:53"
2492,300,"株式会社データ復旧センター",68,62,"9-10","2016-11-08 23:17:53","2016-11-08 23:17:53"
2493,504,"アイテック阪急阪神株式会社",66,58,"10-11","2016-11-08 23:17:53","2016-11-08 23:17:53"
2494,400,"株式会社シスプロ",66,58,"10-11","2016-11-08 23:17:53","2016-11-08 23:17:53"
2497,567,"ソフトバンク・テクノロジー株式会社",77,57,"9-10","2016-11-08 23:17:53","2016-11-08 23:17:53"
2498,467,"株式会社リクルートメディカルキャリア",77,57,"10-11","2016-11-08 23:17:54","2016-11-08 23:17:54"
2499,320,"株式会社クラウンジュエル",73,57,"9-10","2016-11-08 23:17:54","2016-11-08 23:17:54"
2500,475,"アイ・ティー・エックス株式会社",63,57,"8-9","2016-11-08 23:17:54","2016-11-08 23:17:54"
2501,645,"ソニーモバイルコミュニケーションズ株式会社",73,56,"9-10","2016-11-08 23:17:54","2016-11-08 23:17:54"
2503,542,"パイオニアシステムテクノロジー株式会社",64,55,"10-11","2016-11-08 23:17:54","2016-11-08 23:17:54"
2504,570,"丸紅情報システムズ株式会社",63,55,"9-10","2016-11-08 23:17:54","2016-11-08 23:17:54"
2505,606,"株式会社ミクシィ",81,54,"9-10","2016-11-08 23:17:54","2016-11-08 23:17:54"
2506,520,"株式会社OKIソフトウェア",70,54,"9-10","2016-11-08 23:17:54","2016-11-08 23:17:54"
2507,432,"CTCシステムマネジメント株式会社",72,53,"9-10","2016-11-08 23:17:55","2016-11-08 23:17:55"
2509,413,"日本通信株式会社",51,53,"9-10","2016-11-08 23:17:55","2016-11-08 23:17:55"
2511,493,"株式会社ビズリーチ",82,51,"9-10","2016-11-08 23:17:55","2016-11-08 23:17:55"
2512,564,"株式会社ネットマークス",61,34,"9-10","2016-11-08 23:17:55","2016-11-08 23:17:55"
2513,300,"株式会社イー・トラックス",85,50,"9-10","2016-11-08 23:17:55","2016-11-08 23:17:55"
2514,325,"日本マルチメディアサービス株式会社",76,50,"9-10","2016-11-08 23:17:56","2016-11-08 23:17:56"
2515,590,"株式会社キャピタルアセットプランニング",57,36,"10-11","2016-11-08 23:17:56","2016-11-08 23:17:56"
2516,417,"株式会社フューチャー・コミュニケーションズ",56,50,"9-10","2016-11-08 23:17:56","2016-11-08 23:17:56"
2518,540,"住商情報システム株式会社",69,44,"10-11","2016-11-08 23:17:56","2016-11-08 23:17:56"
2519,300,"株式会社ドコモCS東海",81,48,"9-10","2016-11-08 23:17:56","2016-11-08 23:17:56"
2520,463,"株式会社エルネット",70,48,"9-10","2016-11-08 23:17:56","2016-11-08 23:17:56"
2521,383,"株式会社イマジカデジタルスケープ",69,48,"9-10","2016-11-08 23:17:56","2016-11-08 23:17:56"
2523,310,"株式会社サムライ・アドウェイズ",55,48,"9-10","2016-11-08 23:17:58","2016-11-08 23:17:58"
2524,707,"ニールセン・カンパニー合同会社",71,47,"9-10","2016-11-08 23:17:58","2016-11-08 23:17:58"
2525,336,"株式会社ノヴァ",68,41,"9-10","2016-11-08 23:17:58","2016-11-08 23:17:58"
2526,450,"株式会社ＣＩＪネクスト",58,47,"9-10","2016-11-08 23:17:58","2016-11-08 23:17:58"
2527,300,"ブラステル株式会社",54,23,"8-9","2016-11-08 23:17:58","2016-11-08 23:17:58"
2529,450,"（社）日本能率協会",73,46,"8-9","2016-11-08 23:17:58","2016-11-08 23:17:58"
2531,410,"株式会社NEXT",74,45,"10-11","2016-11-08 23:17:59","2016-11-08 23:17:59"
2532,357,"株式会社ハローコミュニケーションズ",64,45,"9-10","2016-11-08 23:17:59","2016-11-08 23:17:59"
2533,417,"イー・ガーディアン株式会社",57,45,"9-10","2016-11-08 23:17:59","2016-11-08 23:17:59"
2535,706,"AIG株式会社",75,44,"10-11","2016-11-08 23:17:59","2016-11-08 23:17:59"
2536,439,"株式会社ＧＯＯＹＡ",73,44,"9-10","2016-11-08 23:17:59","2016-11-08 23:17:59"
2537,550,"株式会社セルシス",55,44,"8-9","2016-11-08 23:17:59","2016-11-08 23:17:59"
2538,850,"株式会社ミュートス",75,43,"9-10","2016-11-08 23:17:59","2016-11-08 23:17:59"
2541,390,"株式会社メンバーズキャリア",93,42,"8-9","2016-11-08 23:18:01","2016-11-08 23:18:01"
2542,570,"インターナショナルＳＯＳジャパン株式会社",74,30,"10-11","2016-11-08 23:18:01","2016-11-08 23:18:01"
2543,317,"株式会社Groony",68,42,"9-10","2016-11-08 23:18:01","2016-11-08 23:18:01"
2544,430,"株式会社ニッセイコンピュータ",49,42,"8-9","2016-11-08 23:18:01","2016-11-08 23:18:01"
2548,583,"株式会社スパイク",69,31,"10-11","2016-11-08 23:18:02","2016-11-08 23:18:02"
2549,465,"株式会社ヴィンクス",64,41,"9-10","2016-11-08 23:18:02","2016-11-08 23:18:02"
2550,736,"日本テラデータ株式会社",60,41,"9-10","2016-11-08 23:18:02","2016-11-08 23:18:02"
2552,350,"株式会社日本ソフトウェアクリエイティブ",76,40,"9-10","2016-11-08 23:18:02","2016-11-08 23:18:02"
2553,414,"株式会社グローバルケー",74,40,"9-10","2016-11-08 23:18:02","2016-11-08 23:18:02"
2554,442,"株式会社日立ＩＣＴビジネスサービス",72,40,"9-10","2016-11-08 23:18:02","2016-11-08 23:18:02"
2555,400,"レッドフォックス株式会社",71,40,"10-11","2016-11-08 23:18:02","2016-11-08 23:18:02"
2556,517,"西テレ情報サイエンス株式会社",65,30,"9-10","2016-11-08 23:18:03","2016-11-08 23:18:03"
2557,700,"九州日本電気ソフトウェア株式会社",64,35,"9-10","2016-11-08 23:18:03","2016-11-08 23:18:03"
2559,575,"株式会社カークエスト",58,40,"8-9","2016-11-08 23:18:03","2016-11-08 23:18:03"
2560,425,"株式会社ネットワークインフォメーションセンター",58,40,"9-10","2016-11-08 23:18:03","2016-11-08 23:18:03"
2561,390,"Profit Cube Inc.",44,40,"10-11","2016-11-08 23:18:03","2016-11-08 23:18:03"
2563,386,"日本テレホン株式会社",80,39,"10-11","2016-11-08 23:18:03","2016-11-08 23:18:03"
2564,525,"株式会社スコープ",76,35,"9-10","2016-11-08 23:18:05","2016-11-08 23:18:05"
2565,450,"ソネットエンタテイメント株式会社",72,39,"10-11","2016-11-08 23:18:05","2016-11-08 23:18:05"
2566,350,"株式会社ユーストカードットコム",69,39,"8-9","2016-11-08 23:18:05","2016-11-08 23:18:05"
2567,350,"株式会社アイズファクトリー",67,39,"8-9","2016-11-08 23:18:05","2016-11-08 23:18:05"
2568,625,"株式会社高崎共同計算センター",61,39,"8-9","2016-11-08 23:18:05","2016-11-08 23:18:05"
2569,417,"株式会社ＲＫＫコンピューターサービス",55,32,"10-11","2016-11-08 23:18:05","2016-11-08 23:18:05"
2570,303,"株式会社アイガ",86,38,"8-9","2016-11-08 23:18:05","2016-11-08 23:18:05"
2571,364,"株式会社ヒロコーポレーション",85,38,"9-10","2016-11-08 23:18:05","2016-11-08 23:18:05"
2572,390,"エピクロス株式会社",79,38,"10-11","2016-11-08 23:18:05","2016-11-08 23:18:05"
2573,450,"株式会社ＫＤＤＩウェブコミュニケーションズ",68,38,"9-10","2016-11-08 23:18:05","2016-11-08 23:18:05"
2574,383,"ＰＣＩソリューションズ株式会社",60,38,"8-9","2016-11-08 23:18:06","2016-11-08 23:18:06"
2576,350,"アセットインベントリー株式会社",55,38,"10-11","2016-11-08 23:18:06","2016-11-08 23:18:06"
2577,383,"株式会社エルミオ",52,34,"9-10","2016-11-08 23:18:06","2016-11-08 23:18:06"
2579,500,"株式会社WEDGE",93,37,"9-10","2016-11-08 23:18:06","2016-11-08 23:18:06"
2580,383,"エーソル株式会社",72,37,"9-10","2016-11-08 23:18:06","2016-11-08 23:18:06"
2581,394,"株式会社トランスコスモスＤＭＩ",69,37,"10-11","2016-11-08 23:18:06","2016-11-08 23:18:06"
2582,394,"株式会社ＥＰＡＲＫ",66,37,"9-10","2016-11-08 23:18:07","2016-11-08 23:18:07"
2583,350,"株式会社アエリア",66,37,"10-11","2016-11-08 23:18:07","2016-11-08 23:18:07"
2584,364,"西村ジョイ株式会社",63,37,"10-11","2016-11-08 23:18:07","2016-11-08 23:18:07"
2585,430,"株式会社LIG",60,37,"9-10","2016-11-08 23:18:07","2016-11-08 23:18:07"
2587,530,"株式会社アールストーン",95,36,"9-10","2016-11-08 23:18:07","2016-11-08 23:18:07"
2588,364,"株式会社メガネット",84,36,"10-11","2016-11-08 23:18:07","2016-11-08 23:18:07"
2589,450,"LYKAON株式会社",75,36,"9-10","2016-11-08 23:18:07","2016-11-08 23:18:07"
2590,970,"エフファイブ・ネットワークス・ジャパン株式会社",75,36,"9-10","2016-11-08 23:18:07","2016-11-08 23:18:07"
2591,483,"NTT西日本ホームテクノ中国",68,35,"8-9","2016-11-08 23:18:09","2016-11-08 23:18:09"
2592,350,"株式会社ソフトサービス",65,36,"9-10","2016-11-08 23:18:09","2016-11-08 23:18:09"
2593,767,"ビッグローブ株式会社",58,36,"8-9","2016-11-08 23:18:09","2016-11-08 23:18:09"
2594,517,"株式会社アンラボ",51,36,"8-9","2016-11-08 23:18:09","2016-11-08 23:18:09"
2595,467,"富士インフォックス・ネット株式会社",49,29,"9-10","2016-11-08 23:18:09","2016-11-08 23:18:09"
2597,617,"株式会社JVCケンウッド・公共産業システム",81,35,"10-11","2016-11-08 23:18:09","2016-11-08 23:18:09"
2598,375,"株式会社リロケーション・インターナショナル",80,35,"10-11","2016-11-08 23:18:09","2016-11-08 23:18:09"
2599,470,"ピセ株式会社",67,35,"9-10","2016-11-08 23:18:09","2016-11-08 23:18:09"
2600,925,"ノベル株式会社",66,28,"8-9","2016-11-08 23:18:09","2016-11-08 23:18:09"
2601,490,"クレオ株式会社",42,11,"10-11","2016-11-08 23:18:10","2016-11-08 23:18:10"
2604,350,"株式会社ダイヤアクセス",81,34,"9-10","2016-11-08 23:18:10","2016-11-08 23:18:10"
2605,370,"株式会社ALL Japan Solution",72,34,"10-11","2016-11-08 23:18:10","2016-11-08 23:18:10"
2606,350,"株式会社ユニクエスト・オンライン",70,34,"8-9","2016-11-08 23:18:10","2016-11-08 23:18:10"
2607,950,"シンクロイノベーション株式会社",70,34,"8-9","2016-11-08 23:18:10","2016-11-08 23:18:10"
2608,590,"北陸日本電気ソフトウェア株式会社",62,30,"9-10","2016-11-08 23:18:10","2016-11-08 23:18:10"
2610,450,"株式会社ラドビーナ",93,37,"9-10","2016-11-08 23:18:11","2016-11-08 23:18:11"
2611,357,"プリモ・ジャパン株式会社",75,33,"8-9","2016-11-08 23:18:11","2016-11-08 23:18:11"
2612,388,"株式会社ALL Rise Group",64,33,"9-10","2016-11-08 23:18:11","2016-11-08 23:18:11"
2613,375,"株式会社プロ・フィールド",61,33,"9-10","2016-11-08 23:18:11","2016-11-08 23:18:11"
2615,450,"株式会社カテナ",59,31,"9-10","2016-11-08 23:18:14","2016-11-08 23:18:14"
2617,583,"株式会社ネットラーニング",85,32,"8-9","2016-11-08 23:18:14","2016-11-08 23:18:14"
2618,600,"ＵＱコミュニケーションズ株式会社",71,32,"8-9","2016-11-08 23:18:14","2016-11-08 23:18:14"
2619,350,"ＱＬＣシステム株式会社",68,32,"10-11","2016-11-08 23:18:14","2016-11-08 23:18:14"
2620,407,"株式会社クレオ",67,32,"9-10","2016-11-08 23:18:14","2016-11-08 23:18:14"
2621,317,"株式会社Ｉ２Ｃ",65,32,"8-9","2016-11-08 23:18:15","2016-11-08 23:18:15"
2622,350,"株式会社イー・スピリット",62,32,"9-10","2016-11-08 23:18:15","2016-11-08 23:18:15"
2623,350,"TSRソリューションズ株式会社",58,28,"10-11","2016-11-08 23:18:15","2016-11-08 23:18:15"
2624,443,"株式会社ラクス",78,31,"8-9","2016-11-08 23:18:15","2016-11-08 23:18:15"
2625,317,"株式会社オムニバス・ジャパン",73,39,"10-11","2016-11-08 23:18:15","2016-11-08 23:18:15"
2626,300,"日本アクセス株式会社",72,31,"9-10","2016-11-08 23:18:15","2016-11-08 23:18:15"
2627,463,"月電ソフトウェア株式会社",64,25,"9-10","2016-11-08 23:18:15","2016-11-08 23:18:15"
2628,320,"ユニシステム株式会社",57,31,"9-10","2016-11-08 23:18:15","2016-11-08 23:18:15"
2629,417,"株式会社エムエム総研",88,30,"10-11","2016-11-08 23:18:16","2016-11-08 23:18:16"
2630,430,"カルチュア・コンビニエンス・クラブ株式会社",73,30,"10-11","2016-11-08 23:18:16","2016-11-08 23:18:16"
2631,329,"株式会社日本テレメッセージ",70,30,"9-10","2016-11-08 23:18:16","2016-11-08 23:18:16"
2632,400,"株式会社GENOVA",67,30,"10-11","2016-11-08 23:18:16","2016-11-08 23:18:16"
2633,475,"富士通テンテクノロジ株式会社",63,30,"10-11","2016-11-08 23:18:16","2016-11-08 23:18:16"
2634,450,"株式会社コスモテック",63,27,"8-9","2016-11-08 23:18:16","2016-11-08 23:18:16"
2635,425,"株式会社インファクトリー",63,30,"9-10","2016-11-08 23:18:16","2016-11-08 23:18:16"
2636,493,"株式会社ジー・モード",60,30,"9-10","2016-11-08 23:18:16","2016-11-08 23:18:16"
2637,350,"株式会社ＪＭＣ",51,30,"9-10","2016-11-08 23:18:16","2016-11-08 23:18:16"
2641,300,"株式会社オヤマダ",77,29,"9-10","2016-11-08 23:18:17","2016-11-08 23:18:17"
2642,559,"株式会社ソフトクリエイト",74,21,"10-11","2016-11-08 23:18:17","2016-11-08 23:18:17"
2643,325,"株式会社テレネット",65,29,"8-9","2016-11-08 23:18:17","2016-11-08 23:18:17"
2644,390,"インタセクト・コミュニケーションズ株式会社",65,29,"9-10","2016-11-08 23:18:17","2016-11-08 23:18:17"
2645,650,"株式会社クラスト",65,29,"10-11","2016-11-08 23:18:17","2016-11-08 23:18:17"
2646,500,"株式会社ＣＢＳテクノ",62,29,"9-10","2016-11-08 23:18:17","2016-11-08 23:18:17"
2647,350,"アイティシーネットワーク株式会社",60,29,"9-10","2016-11-08 23:18:18","2016-11-08 23:18:18"
2648,307,"関越ソフトウェア株式会社",53,29,"9-10","2016-11-08 23:18:18","2016-11-08 23:18:18"
2652,450,"株式会社テレコードコーポレーション",93,28,"8-9","2016-11-08 23:18:18","2016-11-08 23:18:18"
2654,375,"株式会社ディ・ポップス",81,28,"9-10","2016-11-08 23:18:18","2016-11-08 23:18:18"
2656,450,"株式会社ケイネックス",76,18,"8-9","2016-11-08 23:18:19","2016-11-08 23:18:19"
2657,350,"財団法人国際医学情報センター",75,28,"8-9","2016-11-08 23:18:19","2016-11-08 23:18:19"
2658,470,"NHN PlayArt 株式会社",71,28,"9-10","2016-11-08 23:18:19","2016-11-08 23:18:19"
2659,330,"株式会社ゴルフスタジアム",70,28,"9-10","2016-11-08 23:18:19","2016-11-08 23:18:19"
2660,670,"株式会社マピオン",67,28,"8-9","2016-11-08 23:18:19","2016-11-08 23:18:19"
2661,325,"株式会社アーツテック",66,23,"9-10","2016-11-08 23:18:19","2016-11-08 23:18:19"
2662,500,"株式会社イスモ",64,28,"8-9","2016-11-08 23:18:19","2016-11-08 23:18:19"
2664,450,"日立インターメディックス株式会社",61,17,"9-10","2016-11-08 23:18:19","2016-11-08 23:18:19"
2665,390,"首都圏コンピュータ技術者株式会社",59,28,"8-9","2016-11-08 23:18:20","2016-11-08 23:18:20"
2668,306,"株式会社リジョブ",79,27,"9-10","2016-11-08 23:18:20","2016-11-08 23:18:20"
2669,503,"株式会社ナビタイムジャパン",78,27,"10-11","2016-11-08 23:18:20","2016-11-08 23:18:20"
2670,350,"アイ・エス・エー株式会社",74,27,"9-10","2016-11-08 23:18:20","2016-11-08 23:18:20"
2671,400,"株式会社インフロント",73,24,"9-10","2016-11-08 23:18:20","2016-11-08 23:18:20"
2672,750,"ドコモサービス東北株式会社",72,27,"8-9","2016-11-08 23:18:20","2016-11-08 23:18:20"
2674,350,"株式会社WiZ",65,27,"8-9","2016-11-08 23:18:23","2016-11-08 23:18:23"
2675,650,"株式会社NTTデータ グローバルソリューションズ",64,27,"8-9","2016-11-08 23:18:23","2016-11-08 23:18:23"
2676,638,"株式会社豊通シスコム",61,27,"9-10","2016-11-08 23:18:23","2016-11-08 23:18:23"
2677,350,"日本アイ・ビー・エム・ビズインテック株式会社",60,27,"9-10","2016-11-08 23:18:23","2016-11-08 23:18:23"
2678,590,"ジー・アイアール・コーポレーション株式会社",47,27,"8-9","2016-11-08 23:18:23","2016-11-08 23:18:23"
2683,495,"Fringe81株式会社",93,26,"9-10","2016-11-08 23:18:24","2016-11-08 23:18:24"
2684,575,"株式会社ネクスト",82,26,"10-11","2016-11-08 23:18:24","2016-11-08 23:18:24"
2685,317,"株式会社アライズ",76,26,"9-10","2016-11-08 23:18:24","2016-11-08 23:18:24"
2686,625,"NECマネジメントパートナー株式会社",74,26,"8-9","2016-11-08 23:18:24","2016-11-08 23:18:24"
2687,479,"株式会社シーエー・モバイル",74,26,"10-11","2016-11-08 23:18:24","2016-11-08 23:18:24"
2688,517,"株式会社アイフィールド",73,28,"8-9","2016-11-08 23:18:24","2016-11-08 23:18:24"
2689,650,"株式会社オウルテック",72,26,"9-10","2016-11-08 23:18:24","2016-11-08 23:18:24"
2690,350,"株式会社テクノ・カルチャー・システム",65,25,"8-9","2016-11-08 23:18:24","2016-11-08 23:18:24"
2691,425,"株式会社BFT",61,26,"9-10","2016-11-08 23:18:24","2016-11-08 23:18:24"
2692,313,"株式会社ACNモバイル",60,26,"9-10","2016-11-08 23:18:25","2016-11-08 23:18:25"
2693,390,"株式会社システムハウスアイエヌジー",55,26,"9-10","2016-11-08 23:18:25","2016-11-08 23:18:25"
2694,617,"株式会社リード・レックス",52,26,"10-11","2016-11-08 23:18:25","2016-11-08 23:18:25"
2695,417,"ネクストフィールド株式会社",87,25,"9-10","2016-11-08 23:18:25","2016-11-08 23:18:25"
2696,341,"株式会社アウローラ",75,25,"10-11","2016-11-08 23:18:25","2016-11-08 23:18:25"
2698,310,"株式会社ネットワークソリューション",74,25,"9-10","2016-11-08 23:18:25","2016-11-08 23:18:25"
2699,450,"株式会社ソリューション・アンド・テクノロジー",69,25,"8-9","2016-11-08 23:18:26","2016-11-08 23:18:26"
2700,417,"株式会社フレッシュネス",69,25,"9-10","2016-11-08 23:18:26","2016-11-08 23:18:26"
2701,350,"イーブロードコミュニケーションズ株式会社",68,25,"9-10","2016-11-08 23:18:26","2016-11-08 23:18:26"
2702,450,"株式会社ファンテクノロジー",67,25,"8-9","2016-11-08 23:18:26","2016-11-08 23:18:26"
2703,930,"ＺＴＥジャパン株式会社",67,17,"9-10","2016-11-08 23:18:26","2016-11-08 23:18:26"
2704,392,"株式会社笑ジャパン",66,25,"9-10","2016-11-08 23:18:26","2016-11-08 23:18:26"
2705,500,"株式会社gumi",66,25,"9-10","2016-11-08 23:18:26","2016-11-08 23:18:26"
2706,450,"株式会社ニップス",66,25,"9-10","2016-11-08 23:18:26","2016-11-08 23:18:26"
2707,430,"株式会社ダイハツテクナー",66,22,"9-10","2016-11-08 23:18:26","2016-11-08 23:18:26"
2708,559,"（社）日本自動車連盟",65,25,"8-9","2016-11-08 23:18:26","2016-11-08 23:18:26"
2709,350,"パナソニック システムデザイン株式会社",65,25,"10-11","2016-11-08 23:18:28","2016-11-08 23:18:28"
2710,350,"ケーブルテレビ株式会社",65,25,"9-10","2016-11-08 23:18:28","2016-11-08 23:18:28"
2711,300,"ロータスビジネスコンサルティング株式会社",64,22,"9-10","2016-11-08 23:18:28","2016-11-08 23:18:28"
2712,300,"株式会社リンクバル",61,25,"9-10","2016-11-08 23:18:28","2016-11-08 23:18:28"
2714,363,"株式会社ＤＦＩ",92,24,"10-11","2016-11-08 23:18:28","2016-11-08 23:18:28"
2715,510,"株式会社デンソークリエイト",78,24,"9-10","2016-11-08 23:18:28","2016-11-08 23:18:28"
2716,410,"九州通信ネットワーク株式会社",77,24,"8-9","2016-11-08 23:18:29","2016-11-08 23:18:29"
2717,1050,"株式会社日本医療データセンター",70,8,"9-10","2016-11-08 23:18:29","2016-11-08 23:18:29"
2718,528,"株式会社NTTデータシステムズ",67,22,"9-10","2016-11-08 23:18:29","2016-11-08 23:18:29"
2719,450,"株式会社コンピュータ技研",66,24,"9-10","2016-11-08 23:18:29","2016-11-08 23:18:29"
2721,350,"タイムズコミュニケーション株式会社",63,24,"10-11","2016-11-08 23:18:29","2016-11-08 23:18:29"
2723,425,"セジデム株式会社",58,23,"9-10","2016-11-08 23:18:29","2016-11-08 23:18:29"
2727,450,"株式会社フジテレコムズ",82,23,"10-11","2016-11-08 23:18:31","2016-11-08 23:18:31"
2728,838,"アイ・エム・エス・ジャパン株式会社",77,23,"8-9","2016-11-08 23:18:31","2016-11-08 23:18:31"
2729,583,"株式会社ＡＢシステムソリューション",72,23,"9-10","2016-11-08 23:18:31","2016-11-08 23:18:31"
2730,417,"ＧＭＯメイクショップ株式会社",71,23,"9-10","2016-11-08 23:18:31","2016-11-08 23:18:31"
2731,357,"リス株式会社",70,23,"10-11","2016-11-08 23:18:32","2016-11-08 23:18:32"
2732,617,"株式会社日立超LSIシステムズ",69,23,"8-9","2016-11-08 23:18:32","2016-11-08 23:18:32"
2733,300,"株式会社デジサーチ アンド アドバタイジング",69,17,"10-11","2016-11-08 23:18:32","2016-11-08 23:18:32"
2734,338,"関西ブロードバンド株式会社",66,23,"10-11","2016-11-08 23:18:32","2016-11-08 23:18:32"
2735,414,"ピー・シー・エー株式会社",66,23,"8-9","2016-11-08 23:18:32","2016-11-08 23:18:32"
2736,450,"ソフトバンクアットワーク株式会社",64,23,"9-10","2016-11-08 23:18:32","2016-11-08 23:18:32"
2738,358,"株式会社アイズ",63,23,"8-9","2016-11-08 23:18:32","2016-11-08 23:18:32"
2740,417,"株式会社オープンキューブ",58,22,"9-10","2016-11-08 23:18:34","2016-11-08 23:18:34"
2741,450,"ジェイエムテクノロジー株式会社",56,23,"9-10","2016-11-08 23:18:34","2016-11-08 23:18:34"
2744,467,"株式会社ルーク",84,22,"10-11","2016-11-08 23:18:34","2016-11-08 23:18:34"
2746,510,"株式会社ライブドア",83,22,"10-11","2016-11-08 23:18:34","2016-11-08 23:18:34"
2747,400,"ムトーアイテックス株式会社",82,22,"9-10","2016-11-08 23:18:34","2016-11-08 23:18:34"
2748,450,"株式会社イメージ・マジック",80,22,"10-11","2016-11-08 23:18:35","2016-11-08 23:18:35"
2749,428,"株式会社ｊｉｇ．ｊｐ",74,22,"9-10","2016-11-08 23:18:35","2016-11-08 23:18:35"
2750,486,"株式会社オンド",72,21,"8-9","2016-11-08 23:18:35","2016-11-08 23:18:35"
2751,533,"株式会社豊通マシナリー",71,22,"10-11","2016-11-08 23:18:35","2016-11-08 23:18:35"
2752,364,"株式会社ネットテン",70,22,"9-10","2016-11-08 23:18:35","2016-11-08 23:18:35"
2753,450,"株式会社イーツー・インフォ",69,20,"9-10","2016-11-08 23:18:35","2016-11-08 23:18:35"
2754,400,"株式会社データクラフト",69,15,"8-9","2016-11-08 23:18:35","2016-11-08 23:18:35"
2755,410,"株式会社ヘキサドライブ",68,22,"8-9","2016-11-08 23:18:35","2016-11-08 23:18:35"
2756,317,"株式会社日本電算",66,18,"8-9","2016-11-08 23:18:35","2016-11-08 23:18:35"
2757,350,"株式会社センチュリー２１・ジャパン",62,22,"8-9","2016-11-08 23:18:35","2016-11-08 23:18:35"
2758,300,"アイコミュニケーション株式会社",61,22,"9-10","2016-11-08 23:18:36","2016-11-08 23:18:36"
2761,383,"株式会社クリーブ",53,16,"10-11","2016-11-08 23:18:36","2016-11-08 23:18:36"
2762,433,"株式会社プロデュース・オン・デマンド",52,22,"9-10","2016-11-08 23:18:36","2016-11-08 23:18:36"
2769,550,"株式会社LOCUS",89,21,"10-11","2016-11-08 23:18:37","2016-11-08 23:18:37"
2770,500,"キャリバン株式会社",79,21,"9-10","2016-11-08 23:18:37","2016-11-08 23:18:37"
2771,590,"NECソリューションイノベータ株式会社",78,21,"9-10","2016-11-08 23:18:37","2016-11-08 23:18:37"
2772,750,"株式会社大和総研ビジネス・イノベーション",76,21,"10-11","2016-11-08 23:18:37","2016-11-08 23:18:37"
2773,400,"株式会社ネットレックス",75,16,"8-9","2016-11-08 23:18:37","2016-11-08 23:18:37"
2774,388,"国土情報開発株式会社",73,21,"8-9","2016-11-08 23:18:37","2016-11-08 23:18:37"
2775,575,"株式会社インデックス",73,21,"9-10","2016-11-08 23:18:39","2016-11-08 23:18:39"
2776,450,"株式会社エスプール",72,21,"10-11","2016-11-08 23:18:39","2016-11-08 23:18:39"
2777,450,"株式会社フォーシーズ",71,21,"9-10","2016-11-08 23:18:39","2016-11-08 23:18:39"
2778,330,"株式会社クレオマーケティング",70,21,"9-10","2016-11-08 23:18:39","2016-11-08 23:18:39"
2780,517,"株式会社ＵＣＯＭ",68,17,"10-11","2016-11-08 23:18:39","2016-11-08 23:18:39"
2781,550,"株式会社DAサーチ＆リンク",67,21,"10-11","2016-11-08 23:18:39","2016-11-08 23:18:39"
2782,938,"CAテクノロジーズ株式会社",65,21,"8-9","2016-11-08 23:18:39","2016-11-08 23:18:39"
2783,317,"株式会社ブール・ジャパン",63,21,"9-10","2016-11-08 23:18:40","2016-11-08 23:18:40"
2784,383,"株式会社フルタイムシステム",63,21,"9-10","2016-11-08 23:18:40","2016-11-08 23:18:40"
2785,443,"株式会社アール・エム",60,21,"10-11","2016-11-08 23:18:40","2016-11-08 23:18:40"
2786,350,"コンピュータ・エンジニアリング株式会社",46,11,"9-10","2016-11-08 23:18:40","2016-11-08 23:18:40"
2795,650,"株式会社ホームズ",92,20,"9-10","2016-11-08 23:18:41","2016-11-08 23:18:41"
2797,550,"株式会社アクシスウェア",89,20,"8-9","2016-11-08 23:18:41","2016-11-08 23:18:41"
2800,331,"株式会社4B",80,20,"8-9","2016-11-08 23:18:42","2016-11-08 23:18:42"
2801,350,"株式会社グッドクロス",73,20,"8-9","2016-11-08 23:18:42","2016-11-08 23:18:42"
2802,579,"株式会社システム情報",69,20,"8-9","2016-11-08 23:18:42","2016-11-08 23:18:42"
2803,350,"株式会社バリューＨＲ",67,20,"8-9","2016-11-08 23:18:42","2016-11-08 23:18:42"
2804,425,"株式会社ジェーエムエーシステムズ",66,20,"10-11","2016-11-08 23:18:42","2016-11-08 23:18:42"
2806,350,"株式会社スタクロ",63,17,"9-10","2016-11-08 23:18:43","2016-11-08 23:18:43"
2807,450,"キヤノンイメージングシステムズ株式会社",61,20,"9-10","2016-11-08 23:18:43","2016-11-08 23:18:43"
2808,317,"株式会社ピークアドバンス",60,20,"9-10","2016-11-08 23:18:43","2016-11-08 23:18:43"
2809,600,"株式会社テクノトップ",60,18,"9-10","2016-11-08 23:18:43","2016-11-08 23:18:43"
2811,350,"株式会社トレンドメイク",56,20,"10-11","2016-11-08 23:18:43","2016-11-08 23:18:43"
2812,350,"富士商株式会社",55,20,"10-11","2016-11-08 23:18:43","2016-11-08 23:18:43"
2813,360,"株式会社アイビス",51,20,"8-9","2016-11-08 23:18:44","2016-11-08 23:18:44"
2821,450,"株式会社スーパーソフトウエア",80,19,"10-11","2016-11-08 23:18:46","2016-11-08 23:18:46"
2822,323,"有限会社クワデータ",79,19,"8-9","2016-11-08 23:18:46","2016-11-08 23:18:46"
2824,341,"株式会社産業編集センター",78,19,"10-11","2016-11-08 23:18:46","2016-11-08 23:18:46"
2825,450,"ナショナルソフトウェア株式会社",77,19,"9-10","2016-11-08 23:18:46","2016-11-08 23:18:46"
2826,450,"株式会社シーベース",75,19,"8-9","2016-11-08 23:18:47","2016-11-08 23:18:47"
2827,410,"株式会社アイ・オー・エス",75,19,"8-9","2016-11-08 23:18:47","2016-11-08 23:18:47"
2828,400,"株式会社ファランクス",75,19,"10-11","2016-11-08 23:18:47","2016-11-08 23:18:47"
2829,500,"株式会社ユードム",70,19,"10-11","2016-11-08 23:18:47","2016-11-08 23:18:47"
2830,350,"株式会社シンメトリック",69,19,"8-9","2016-11-08 23:18:47","2016-11-08 23:18:47"
2831,550,"株式会社ウイズ",65,19,"9-10","2016-11-08 23:18:47","2016-11-08 23:18:47"
2832,550,"株式会社ECHIGOYA",64,19,"8-9","2016-11-08 23:18:47","2016-11-08 23:18:47"
2833,350,"株式会社インテリジェントターミナル総合研究所",64,8,"9-10","2016-11-08 23:18:47","2016-11-08 23:18:47"
2834,530,"日信電子サービス株式会社",62,19,"10-11","2016-11-08 23:18:47","2016-11-08 23:18:47"
2835,400,"株式会社データサービス",59,19,"9-10","2016-11-08 23:18:48","2016-11-08 23:18:48"
2836,400,"公益情報システム株式会社",56,13,"9-10","2016-11-08 23:18:48","2016-11-08 23:18:48"
2837,383,"株式会社ジャパックス",53,19,"10-11","2016-11-08 23:18:48","2016-11-08 23:18:48"
2840,650,"ノーテルネットワークス株式会社",80,18,"8-9","2016-11-08 23:18:48","2016-11-08 23:18:48"
2842,677,"シャープシステムプロダクト株式会社",77,18,"9-10","2016-11-08 23:18:48","2016-11-08 23:18:48"
2844,450,"ＧＭＯグローバルサイン株式会社",74,18,"10-11","2016-11-08 23:18:49","2016-11-08 23:18:49"
2846,567,"ブルームバーグ・Ｌ．Ｐ．",72,18,"9-10","2016-11-08 23:18:49","2016-11-08 23:18:49"
2847,417,"ランドシステム株式会社",71,18,"9-10","2016-11-08 23:18:49","2016-11-08 23:18:49"
2848,750,"株式会社Ｓｉｌｂｉｒｄ",70,18,"9-10","2016-11-08 23:18:49","2016-11-08 23:18:49"
2849,410,"株式会社メディア・マジック",69,18,"10-11","2016-11-08 23:18:49","2016-11-08 23:18:49"
2852,300,"みづほ住販株式会社",68,13,"10-11","2016-11-08 23:18:50","2016-11-08 23:18:50"
2853,425,"株式会社富士通九州システムズ",68,12,"9-10","2016-11-08 23:18:50","2016-11-08 23:18:50"
2854,375,"株式会社ネグジット総研",64,18,"9-10","2016-11-08 23:18:50","2016-11-08 23:18:50"
2855,338,"株式会社スマートバリュー",63,18,"8-9","2016-11-08 23:18:50","2016-11-08 23:18:50"
2856,600,"横河ソリューションズ株式会社",63,12,"8-9","2016-11-08 23:18:50","2016-11-08 23:18:50"
2857,438,"GMOペパボ株式会社",60,18,"8-9","2016-11-08 23:18:50","2016-11-08 23:18:50"
2858,317,"ヒューマン株式会社",58,13,"9-10","2016-11-08 23:18:50","2016-11-08 23:18:50"
2859,336,"セントラルメディアサービス株式会社",53,18,"9-10","2016-11-08 23:18:50","2016-11-08 23:18:50"
2860,400,"株式会社ルクサ",47,18,"9-10","2016-11-08 23:18:50","2016-11-08 23:18:50"
2864,725,"ウルシステムズ株式会社",92,17,"10-11","2016-11-08 23:18:51","2016-11-08 23:18:51"
2865,475,"株式会社プロビズモ",84,17,"8-9","2016-11-08 23:18:51","2016-11-08 23:18:51"
2866,350,"株式会社ハナブサネットワークス",84,17,"8-9","2016-11-08 23:18:51","2016-11-08 23:18:51"
2867,510,"楽天トラベル株式会社",80,17,"9-10","2016-11-08 23:18:51","2016-11-08 23:18:51"
2868,350,"株式会社テスク",76,17,"10-11","2016-11-08 23:18:52","2016-11-08 23:18:52"
2869,310,"株式会社MIST solution",75,17,"8-9","2016-11-08 23:18:52","2016-11-08 23:18:52"
2870,400,"有限会社リンクス",74,17,"10-11","2016-11-08 23:18:52","2016-11-08 23:18:52"
2871,350,"株式会社ジェイ・コミュニケーション",73,17,"9-10","2016-11-08 23:18:52","2016-11-08 23:18:52"
2872,450,"株式会社ワイズマン",73,17,"9-10","2016-11-08 23:18:52","2016-11-08 23:18:52"
2875,310,"株式会社インテリジェンス ビジネスソリューションズ",69,17,"8-9","2016-11-08 23:18:52","2016-11-08 23:18:52"
2876,483,"ＣＴＣファーストコンタクト株式会社",68,18,"9-10","2016-11-08 23:18:54","2016-11-08 23:18:54"
2877,325,"株式会社マイティークラフト",67,17,"10-11","2016-11-08 23:18:54","2016-11-08 23:18:54"
2878,550,"株式会社イノテック",67,15,"10-11","2016-11-08 23:18:54","2016-11-08 23:18:54"
2879,330,"松電通信株式会社",65,17,"9-10","2016-11-08 23:18:54","2016-11-08 23:18:54"
2880,600,"有限会社ローム",65,17,"10-11","2016-11-08 23:18:54","2016-11-08 23:18:54"
2881,950,"オートデスク株式会社",64,17,"9-10","2016-11-08 23:18:54","2016-11-08 23:18:54"
2882,383,"ハイブリッジ株式会社",64,17,"9-10","2016-11-08 23:18:54","2016-11-08 23:18:54"
2883,450,"大宝工業株式会社",64,14,"9-10","2016-11-08 23:18:54","2016-11-08 23:18:54"
2884,330,"株式会社デージーネット",60,17,"9-10","2016-11-08 23:18:54","2016-11-08 23:18:54"
2885,750,"ITKエンジニアリングジャパン株式会社",57,17,"8-9","2016-11-08 23:18:55","2016-11-08 23:18:55"
2886,350,"株式会社アジルコア",57,17,"9-10","2016-11-08 23:18:55","2016-11-08 23:18:55"
2887,517,"フォーサイトシステム株式会社",56,16,"9-10","2016-11-08 23:18:55","2016-11-08 23:18:55"
2888,420,"株式会社アレイエンジニアリング",50,17,"10-11","2016-11-08 23:18:55","2016-11-08 23:18:55"
2894,421,"株式会社Macbee Planet",89,16,"9-10","2016-11-08 23:18:56","2016-11-08 23:18:56"
2896,417,"株式会社ユニマットリック",86,16,"8-9","2016-11-08 23:18:56","2016-11-08 23:18:56"
2898,450,"株式会社ＬＤＨ",80,14,"10-11","2016-11-08 23:18:56","2016-11-08 23:18:56"
2899,413,"株式会社イデアル",78,15,"8-9","2016-11-08 23:18:57","2016-11-08 23:18:57"
2900,617,"エヌ・ティ・ティ・データ・システム技術株式会社",72,16,"10-11","2016-11-08 23:18:57","2016-11-08 23:18:57"
2901,421,"株式会社ベルウェール渋谷",72,16,"10-11","2016-11-08 23:18:57","2016-11-08 23:18:57"
2902,350,"株式会社アイエルアイ総合研究所",72,16,"9-10","2016-11-08 23:18:57","2016-11-08 23:18:57"
2903,430,"ソフトバンクコマース＆サービス株式会社",71,16,"9-10","2016-11-08 23:18:57","2016-11-08 23:18:57"
2904,400,"キャスレーコンサルティング株式会社",71,16,"8-9","2016-11-08 23:18:57","2016-11-08 23:18:57"
2905,590,"富士フイルムソフトウエア株式会社",69,16,"8-9","2016-11-08 23:18:57","2016-11-08 23:18:57"
2906,475,"茨城日立情報サービス株式会社",69,15,"10-11","2016-11-08 23:18:57","2016-11-08 23:18:57"
2907,1050,"日本ティブコソフトウェア株式会社",69,2,"8-9","2016-11-08 23:18:57","2016-11-08 23:18:57"
2908,450,"トランスコスモス(株）",67,16,"9-10","2016-11-08 23:18:59","2016-11-08 23:18:59"
2909,383,"株式会社オフショア",67,8,"9-10","2016-11-08 23:18:59","2016-11-08 23:18:59"
2910,317,"ＤＳＰ株式会社",65,16,"8-9","2016-11-08 23:18:59","2016-11-08 23:18:59"
2911,383,"株式会社エス・エヌ・シー",64,16,"9-10","2016-11-08 23:18:59","2016-11-08 23:18:59"
2912,425,"株式会社ウェブクルー",62,16,"10-11","2016-11-08 23:18:59","2016-11-08 23:18:59"
2913,400,"株式会社エービーケーエスエス",62,16,"10-11","2016-11-08 23:18:59","2016-11-08 23:18:59"
2915,330,"アンダス株式会社",61,16,"9-10","2016-11-08 23:19:00","2016-11-08 23:19:00"
2916,317,"日本商工株式会社",60,16,"8-9","2016-11-08 23:19:00","2016-11-08 23:19:00"
2917,567,"株式会社イーフロンティア",56,13,"9-10","2016-11-08 23:19:00","2016-11-08 23:19:00"
2918,450,"株式会社モス",52,16,"9-10","2016-11-08 23:19:00","2016-11-08 23:19:00"
2919,350,"株式会社ジーク",47,15,"10-11","2016-11-08 23:19:00","2016-11-08 23:19:00"
2920,338,"新日本コンピュータマネジメント株式会社",46,16,"8-9","2016-11-08 23:19:00","2016-11-08 23:19:00"
2930,561,"株式会社フードコネクション",89,15,"10-11","2016-11-08 23:19:02","2016-11-08 23:19:02"
2931,350,"株式会社CSV",86,15,"9-10","2016-11-08 23:19:02","2016-11-08 23:19:02"
2933,390,"株式会社ＱＬＥＡ",81,15,"10-11","2016-11-08 23:19:03","2016-11-08 23:19:03"
2934,350,"株式会社リードウェイ",81,15,"8-9","2016-11-08 23:19:03","2016-11-08 23:19:03"
2935,450,"株式会社利達ソフト",76,15,"9-10","2016-11-08 23:19:03","2016-11-08 23:19:03"
2936,350,"株式会社モバイルサービス",76,15,"9-10","2016-11-08 23:19:03","2016-11-08 23:19:03"
2937,483,"旭システム",75,15,"8-9","2016-11-08 23:19:03","2016-11-08 23:19:03"
2938,413,"株式会社ジャパンコンピューターサービス",70,15,"8-9","2016-11-08 23:19:03","2016-11-08 23:19:03"
2939,750,"ＴＭＩソリューションズ株式会社",70,15,"10-11","2016-11-08 23:19:03","2016-11-08 23:19:03"
2940,370,"アウル株式会社",70,9,"9-10","2016-11-08 23:19:03","2016-11-08 23:19:03"
2941,625,"株式会社ウフル",69,18,"10-11","2016-11-08 23:19:03","2016-11-08 23:19:03"
2942,667,"株式会社エヌ・ティ・ティピー・シーコミュニケーションズ",68,15,"9-10","2016-11-08 23:19:05","2016-11-08 23:19:05"
2943,510,"株式会社スタニングマーケティング",67,15,"9-10","2016-11-08 23:19:05","2016-11-08 23:19:05"
2944,350,"株式会社システムエイド",66,11,"9-10","2016-11-08 23:19:05","2016-11-08 23:19:05"
2945,383,"GMOコマース株式会社",65,15,"10-11","2016-11-08 23:19:05","2016-11-08 23:19:05"
2946,383,"株式会社ＣＡ",65,15,"10-11","2016-11-08 23:19:05","2016-11-08 23:19:05"
2947,350,"株式会社インタラクティブメディアミックス",65,15,"9-10","2016-11-08 23:19:05","2016-11-08 23:19:05"
2948,370,"菱洋インテリジェンス株式会社",64,15,"9-10","2016-11-08 23:19:05","2016-11-08 23:19:05"
2949,550,"株式会社日立情報制御ソリューションズ",63,14,"10-11","2016-11-08 23:19:05","2016-11-08 23:19:05"
2950,350,"ミシュランリサーチアジア株式会社",62,15,"8-9","2016-11-08 23:19:05","2016-11-08 23:19:05"
2951,530,"エー・アンド・アイシステム株式会社",61,13,"8-9","2016-11-08 23:19:06","2016-11-08 23:19:06"
2952,400,"株式会社サイタスマネジメント",57,15,"10-11","2016-11-08 23:19:06","2016-11-08 23:19:06"
2953,500,"株式会社キーポート・ソリューションズ",57,15,"10-11","2016-11-08 23:19:06","2016-11-08 23:19:06"
2954,450,"株式会社サーブネット",57,15,"9-10","2016-11-08 23:19:06","2016-11-08 23:19:06"
2955,450,"コスモ・サイエンス株式会社",57,15,"8-9","2016-11-08 23:19:06","2016-11-08 23:19:06"
2970,300,"株式会社ファントゥ",85,14,"8-9","2016-11-08 23:19:08","2016-11-08 23:19:08"
2972,350,"ソフィー株式会社",78,14,"8-9","2016-11-08 23:19:09","2016-11-08 23:19:09"
2973,367,"アプテック株式会社",76,14,"8-9","2016-11-08 23:19:09","2016-11-08 23:19:09"
2975,317,"ライジングサン企画株式会社",74,14,"8-9","2016-11-08 23:19:09","2016-11-08 23:19:09"
2977,430,"株式会社応用ソフト開発",73,14,"8-9","2016-11-08 23:19:09","2016-11-08 23:19:09"
2978,450,"フェンリル株式会社",72,14,"8-9","2016-11-08 23:19:09","2016-11-08 23:19:09"
2979,400,"株式会社オロ",71,14,"10-11","2016-11-08 23:19:09","2016-11-08 23:19:09"
2980,328,"株式会社Ｃ・Ｓ・Ｒ",69,14,"8-9","2016-11-08 23:19:10","2016-11-08 23:19:10"
2981,517,"マーベリック株式会社",69,14,"10-11","2016-11-08 23:19:10","2016-11-08 23:19:10"
2982,375,"ＪＴＡ株式会社",68,14,"9-10","2016-11-08 23:19:10","2016-11-08 23:19:10"
2983,350,"株式会社ブレーン",68,4,"9-10","2016-11-08 23:19:10","2016-11-08 23:19:10"
2984,483,"株式会社ワイヤーアクション",67,14,"10-11","2016-11-08 23:19:10","2016-11-08 23:19:10"
2986,430,"株式会社システムディ",67,14,"10-11","2016-11-08 23:19:10","2016-11-08 23:19:10"
2987,550,"アムテック株式会社",66,14,"9-10","2016-11-08 23:19:10","2016-11-08 23:19:10"
2988,383,"株式会社ＪＳシステムズ",66,12,"9-10","2016-11-08 23:19:12","2016-11-08 23:19:12"
2989,425,"株式会社ベストプランニング",65,14,"10-11","2016-11-08 23:19:12","2016-11-08 23:19:12"
2990,321,"株式会社セカンドセレクション",65,14,"8-9","2016-11-08 23:19:12","2016-11-08 23:19:12"
2991,317,"株式会社アセンディア",65,14,"9-10","2016-11-08 23:19:12","2016-11-08 23:19:12"
2992,400,"株式会社ブレインズ",64,14,"10-11","2016-11-08 23:19:12","2016-11-08 23:19:12"
2993,300,"アミックテレコム株式会社",64,10,"10-11","2016-11-08 23:19:12","2016-11-08 23:19:12"
2994,450,"株式会社シーエス",61,14,"9-10","2016-11-08 23:19:12","2016-11-08 23:19:12"
2995,550,"株式会社テレワーク",61,14,"10-11","2016-11-08 23:19:12","2016-11-08 23:19:12"
2996,500,"ソフトバンクモバイル サービス株式会社",60,14,"9-10","2016-11-08 23:19:13","2016-11-08 23:19:13"
2998,500,"株式会社グローバル",56,14,"8-9","2016-11-08 23:19:13","2016-11-08 23:19:13"
2999,350,"アイ・メットエレクトロニクス株式会社",48,14,"8-9","2016-11-08 23:19:13","2016-11-08 23:19:13"
3017,393,"マインドフリー株式会社",82,31,"10-11","2016-11-08 23:19:16","2016-11-08 23:19:16"
3021,564,"アクセンチュア・テクノロジー・ソリューションズ株式会社",78,11,"9-10","2016-11-08 23:19:16","2016-11-08 23:19:16"
3022,300,"株式会社ウェルネスライフパートナー",77,13,"8-9","2016-11-08 23:19:16","2016-11-08 23:19:16"
3023,450,"アイシン・インフォテックス株式会社",76,13,"9-10","2016-11-08 23:19:16","2016-11-08 23:19:16"
3025,400,"株式会社ベルウエール",75,13,"9-10","2016-11-08 23:19:17","2016-11-08 23:19:17"
3026,550,"アクシスソフト株式会社",75,10,"9-10","2016-11-08 23:19:17","2016-11-08 23:19:17"
3027,468,"株式会社アイコール",73,13,"10-11","2016-11-08 23:19:17","2016-11-08 23:19:17"
3028,450,"マツハヤ・コーポレーション株式会社",72,13,"9-10","2016-11-08 23:19:17","2016-11-08 23:19:17"
3030,450,"東北インテリジェント通信株式会社",69,13,"8-9","2016-11-08 23:19:17","2016-11-08 23:19:17"
3031,450,"株式会社ディアロネット",68,12,"9-10","2016-11-08 23:19:17","2016-11-08 23:19:17"
3033,417,"株式会社ジェイ・シー・エス",67,9,"10-11","2016-11-08 23:19:18","2016-11-08 23:19:18"
3034,383,"GMO TECH株式会社",66,13,"9-10","2016-11-08 23:19:18","2016-11-08 23:19:18"
3036,307,"株式会社エレファントコミュニケーションズ",64,13,"10-11","2016-11-08 23:19:18","2016-11-08 23:19:18"
3038,450,"株式会社インテグレックス",63,13,"8-9","2016-11-08 23:19:18","2016-11-08 23:19:18"
3039,450,"株式会社テクネス",62,11,"9-10","2016-11-08 23:19:18","2016-11-08 23:19:18"
3041,575,"サイバーリンク株式会社",60,13,"10-11","2016-11-08 23:19:18","2016-11-08 23:19:18"
3042,500,"富士通エフサスシステムズ株式会社",58,13,"9-10","2016-11-08 23:19:20","2016-11-08 23:19:20"
3043,350,"有限会社サイバージュリア",58,13,"9-10","2016-11-08 23:19:20","2016-11-08 23:19:20"
3044,325,"キャムクラフト株式会社",55,13,"8-9","2016-11-08 23:19:20","2016-11-08 23:19:20"
3045,427,"株式会社D",55,13,"8-9","2016-11-08 23:19:20","2016-11-08 23:19:20"
3046,417,"コアテクノ株式会社",52,10,"8-9","2016-11-08 23:19:20","2016-11-08 23:19:20"
3055,450,"アキラ株式会社",86,12,"8-9","2016-11-08 23:19:22","2016-11-08 23:19:22"
3058,550,"株式会社テイク‐ワン",83,12,"9-10","2016-11-08 23:19:22","2016-11-08 23:19:22"
3059,350,"株式会社エンタクルグラフィックス",83,12,"9-10","2016-11-08 23:19:22","2016-11-08 23:19:22"
3060,310,"株式会社クラッチ．",82,12,"8-9","2016-11-08 23:19:22","2016-11-08 23:19:22"
3062,363,"株式会社ペンシル",81,12,"10-11","2016-11-08 23:19:22","2016-11-08 23:19:22"
3063,450,"株式会社ＩＣＯＮ",81,12,"8-9","2016-11-08 23:19:22","2016-11-08 23:19:22"
3064,310,"株式会社リンケージ",79,12,"8-9","2016-11-08 23:19:23","2016-11-08 23:19:23"
3066,400,"株式会社ティーアイエス",75,12,"9-10","2016-11-08 23:19:23","2016-11-08 23:19:23"
3067,450,"サンユー株式会社",75,12,"9-10","2016-11-08 23:19:23","2016-11-08 23:19:23"
3068,600,"全日空システム企画株式会社",75,11,"9-10","2016-11-08 23:19:23","2016-11-08 23:19:23"
3070,410,"株式会社インターライフメディア",70,12,"10-11","2016-11-08 23:19:24","2016-11-08 23:19:24"
3071,417,"株式会社アイサイト",70,9,"9-10","2016-11-08 23:19:24","2016-11-08 23:19:24"
3072,400,"ジェイズ・コミュニケーション株式会社",69,12,"9-10","2016-11-08 23:19:24","2016-11-08 23:19:24"
3074,483,"エヌシーアイ株式会社",69,12,"10-11","2016-11-08 23:19:24","2016-11-08 23:19:24"
3075,400,"株式会社テイルウィンドシステム",68,12,"8-9","2016-11-08 23:19:24","2016-11-08 23:19:24"
3076,850,"株式会社つなぐネットコミュニケーションズ",68,12,"9-10","2016-11-08 23:19:24","2016-11-08 23:19:24"
3077,550,"アリババ株式会社",68,10,"8-9","2016-11-08 23:19:24","2016-11-08 23:19:24"
3078,450,"株式会社ユーティル",66,12,"9-10","2016-11-08 23:19:25","2016-11-08 23:19:25"
3079,450,"株式会社ヴォイエンシー",66,11,"8-9","2016-11-08 23:19:25","2016-11-08 23:19:25"
3080,450,"株式会社デネット",65,12,"8-9","2016-11-08 23:19:25","2016-11-08 23:19:25"
3081,350,"エルソフト株式会社",64,12,"9-10","2016-11-08 23:19:25","2016-11-08 23:19:25"
3082,350,"バーチャルコミュニケーションズ株式会社",64,12,"8-9","2016-11-08 23:19:25","2016-11-08 23:19:25"
3084,950,"エフセキュア株式会社",64,4,"9-10","2016-11-08 23:19:25","2016-11-08 23:19:25"
3086,550,"日本郵政インフォメーションテクノロジー株式会社",62,12,"9-10","2016-11-08 23:19:26","2016-11-08 23:19:26"
3087,317,"株式会社コンピューター・プランニング・リサーチ",61,12,"8-9","2016-11-08 23:19:26","2016-11-08 23:19:26"
3088,550,"株式会社ワイヤ・アンド・ワイヤレス",57,12,"9-10","2016-11-08 23:19:26","2016-11-08 23:19:26"
3089,650,"株式会社オークネット",56,12,"8-9","2016-11-08 23:19:26","2016-11-08 23:19:26"
3090,350,"株式会社ユビキタスエンターテインメント",55,12,"9-10","2016-11-08 23:19:26","2016-11-08 23:19:26"
3093,317,"ジグソー株式会社",50,11,"9-10","2016-11-08 23:19:28","2016-11-08 23:19:28"
3094,438,"イートラスト株式会社",43,12,"9-10","2016-11-08 23:19:28","2016-11-08 23:19:28"
3112,300,"テレック株式会社",88,11,"8-9","2016-11-08 23:19:31","2016-11-08 23:19:31"
3114,510,"株式会社富士通中部システムズ",79,11,"10-11","2016-11-08 23:19:32","2016-11-08 23:19:32"
3115,350,"株式会社ビーアイテイ",77,11,"9-10","2016-11-08 23:19:32","2016-11-08 23:19:32"
3116,483,"バブ日立ソフト株式会社",76,6,"8-9","2016-11-08 23:19:32","2016-11-08 23:19:32"
3117,496,"株式会社Ｓｐｅｅｅ",75,11,"10-11","2016-11-08 23:19:32","2016-11-08 23:19:32"
3119,717,"ＮＴＴデータ先端技術株式会社",73,11,"9-10","2016-11-08 23:19:32","2016-11-08 23:19:32"
3120,350,"アライアンス・コア株式会社",73,11,"9-10","2016-11-08 23:19:32","2016-11-08 23:19:32"
3121,383,"株式会社エニーカンパニー",73,11,"8-9","2016-11-08 23:19:32","2016-11-08 23:19:32"
3122,483,"ネオアクシス株式会社",72,9,"10-11","2016-11-08 23:19:32","2016-11-08 23:19:32"
3123,583,"株式会社ラムダシステムズ",71,11,"8-9","2016-11-08 23:19:33","2016-11-08 23:19:33"
3124,550,"株式会社ＳＴＮｅｔ",71,11,"9-10","2016-11-08 23:19:33","2016-11-08 23:19:33"
3125,350,"北海道CMC株式会社",71,11,"8-9","2016-11-08 23:19:33","2016-11-08 23:19:33"
3126,417,"アウトソーシング株式会社",69,11,"9-10","2016-11-08 23:19:33","2016-11-08 23:19:33"
3128,400,"株式会社アイ・シー・アール",67,11,"10-11","2016-11-08 23:19:33","2016-11-08 23:19:33"
3130,450,"株式会社ユニコン",67,8,"8-9","2016-11-08 23:19:34","2016-11-08 23:19:34"
3131,300,"株式会社グランドメディア",66,11,"10-11","2016-11-08 23:19:34","2016-11-08 23:19:34"
3132,350,"株式会社アルトビジョン",66,8,"10-11","2016-11-08 23:19:34","2016-11-08 23:19:34"
3133,325,"株式会社サイバーマーケティング",65,11,"9-10","2016-11-08 23:19:34","2016-11-08 23:19:34"
3134,450,"株式会社ベッコアメ・インターネット",64,11,"8-9","2016-11-08 23:19:34","2016-11-08 23:19:34"
3135,650,"株式会社トップゲート",63,11,"8-9","2016-11-08 23:19:34","2016-11-08 23:19:34"
3136,300,"株式会社オレンジ社",63,5,"9-10","2016-11-08 23:19:34","2016-11-08 23:19:34"
3137,450,"株式会社日立ハイテクソリューションズ",63,10,"8-9","2016-11-08 23:19:34","2016-11-08 23:19:34"
3138,350,"株式会社シダン",62,11,"8-9","2016-11-08 23:19:34","2016-11-08 23:19:34"
3139,350,"株式会社カズテクニカ",60,11,"10-11","2016-11-08 23:19:36","2016-11-08 23:19:36"
3140,350,"株式会社日本自動車情報サービス",60,5,"9-10","2016-11-08 23:19:36","2016-11-08 23:19:36"
3141,400,"株式会社アドバンテージ・サイエンス",60,11,"8-9","2016-11-08 23:19:36","2016-11-08 23:19:36"
3142,383,"西武通信株式会社",58,7,"10-11","2016-11-08 23:19:36","2016-11-08 23:19:36"
3143,400,"株式会社サスライト",55,11,"8-9","2016-11-08 23:19:36","2016-11-08 23:19:36"
3155,550,"株式会社ブレイク・フィールド社",90,10,"9-10","2016-11-08 23:19:39","2016-11-08 23:19:39"
3161,1036,"ヴイエムウェア株式会社",85,10,"10-11","2016-11-08 23:19:40","2016-11-08 23:19:40"
3164,350,"株式会社イデアルアーキテクツ",80,10,"9-10","2016-11-08 23:19:40","2016-11-08 23:19:40"
3166,430,"株式会社NLNジャパン",78,10,"8-9","2016-11-08 23:19:40","2016-11-08 23:19:40"
3167,300,"株式会社U'eyes Design",77,10,"8-9","2016-11-08 23:19:40","2016-11-08 23:19:40"
3168,530,"ソースネクスト株式会社",76,10,"10-11","2016-11-08 23:19:40","2016-11-08 23:19:40"
3169,550,"株式会社フォーミックス",76,10,"9-10","2016-11-08 23:19:40","2016-11-08 23:19:40"
3170,483,"ADLINKジャパン株式会社",75,10,"8-9","2016-11-08 23:19:41","2016-11-08 23:19:41"
3171,317,"株式会社CRドットアイ",75,10,"9-10","2016-11-08 23:19:41","2016-11-08 23:19:41"
3172,417,"株式会社リベルワークス",75,10,"8-9","2016-11-08 23:19:41","2016-11-08 23:19:41"
3173,400,"株式会社グレイスケール",73,10,"10-11","2016-11-08 23:19:41","2016-11-08 23:19:41"
3174,575,"株式会社Ｄ２Ｃ",72,10,"9-10","2016-11-08 23:19:41","2016-11-08 23:19:41"
3175,383,"株式会社ウェブレッジ",71,10,"9-10","2016-11-08 23:19:41","2016-11-08 23:19:41"
3176,350,"株式会社AIM",70,7,"10-11","2016-11-08 23:19:41","2016-11-08 23:19:41"
3179,650,"フュージョン・コミュニケーションズ株式会社",67,10,"9-10","2016-11-08 23:19:42","2016-11-08 23:19:42"
3180,350,"ひまわりネットワーク株式会社",67,10,"8-9","2016-11-08 23:19:42","2016-11-08 23:19:42"
3181,490,"株式会社ニューフォリア",67,10,"10-11","2016-11-08 23:19:42","2016-11-08 23:19:42"
3183,850,"日本電気航空宇宙システム株式会社",67,8,"9-10","2016-11-08 23:19:42","2016-11-08 23:19:42"
3184,567,"株式会社富士通アドバンストソリューションズ",64,10,"9-10","2016-11-08 23:19:42","2016-11-08 23:19:42"
3185,400,"株式会社ジー・イー・エヌ",62,10,"8-9","2016-11-08 23:19:42","2016-11-08 23:19:42"
3186,417,"株式会社i-NOS",61,10,"8-9","2016-11-08 23:19:44","2016-11-08 23:19:44"
3187,350,"株式会社エービーシー・ジャパン",61,10,"8-9","2016-11-08 23:19:44","2016-11-08 23:19:44"
3189,683,"エイアイジーシステムズ株式会社",61,9,"8-9","2016-11-08 23:19:44","2016-11-08 23:19:44"
3191,450,"株式会社ライジングソフト",57,10,"9-10","2016-11-08 23:19:45","2016-11-08 23:19:45"
3192,490,"株式会社食文化",57,6,"10-11","2016-11-08 23:19:45","2016-11-08 23:19:45"
3193,400,"株式会社菱和テレコム",55,10,"9-10","2016-11-08 23:19:45","2016-11-08 23:19:45"
3194,410,"株式会社ベストロン",54,10,"8-9","2016-11-08 23:19:45","2016-11-08 23:19:45"
3195,450,"株式会社アマダシステムズ",54,2,"9-10","2016-11-08 23:19:45","2016-11-08 23:19:45"
3196,350,"株式会社トータルオーエーシステムズ",52,10,"10-11","2016-11-08 23:19:45","2016-11-08 23:19:45"
3237,450,"株式会社エムジエク",94,9,"9-10","2016-11-08 23:19:53","2016-11-08 23:19:53"
3241,317,"RIDE MEDIA&DESIGN株式会社",76,9,"9-10","2016-11-08 23:19:53","2016-11-08 23:19:53"
3242,300,"株式会社アクティブライフ",73,9,"8-9","2016-11-08 23:19:53","2016-11-08 23:19:53"
3243,350,"株式会社テクロス",73,9,"9-10","2016-11-08 23:19:53","2016-11-08 23:19:53"
3244,468,"DIRインフォメーションシステムズ株式会社",72,9,"9-10","2016-11-08 23:19:54","2016-11-08 23:19:54"
3245,450,"一般財団法人日本気象協会",70,9,"8-9","2016-11-08 23:19:54","2016-11-08 23:19:54"
3246,400,"株式会社アイエンター",69,9,"8-9","2016-11-08 23:19:54","2016-11-08 23:19:54"
3247,600,"東芝システムテクノロジー株式会社",68,10,"8-9","2016-11-08 23:19:54","2016-11-08 23:19:54"
3249,325,"株式会社アサカ理研",65,9,"9-10","2016-11-08 23:19:54","2016-11-08 23:19:54"
3250,450,"株式会社ワイイーシーソリューションズ",65,9,"9-10","2016-11-08 23:19:54","2016-11-08 23:19:54"
3252,750,"株式会社フリークラフト",64,9,"10-11","2016-11-08 23:19:55","2016-11-08 23:19:55"
3253,300,"ＡＴＳ株式会社",63,5,"9-10","2016-11-08 23:19:55","2016-11-08 23:19:55"
3257,350,"株式会社インフォスクウェア",58,9,"8-9","2016-11-08 23:19:55","2016-11-08 23:19:55"
3259,350,"株式会社ゼロマーケティング ",56,9,"8-9","2016-11-08 23:19:55","2016-11-08 23:19:55"
3261,470,"株式会社メイズ",55,9,"9-10","2016-11-08 23:19:56","2016-11-08 23:19:56"
3263,350,"株式会社ジェニシス",48,9,"8-9","2016-11-08 23:19:56","2016-11-08 23:19:56"
3292,750,"株式会社セレス",91,8,"9-10","2016-11-08 23:20:01","2016-11-08 23:20:01"
3293,750,"エイチフロンティア株式会社",91,8,"10-11","2016-11-08 23:20:01","2016-11-08 23:20:01"
3295,350,"株式会社OTOSYS",90,8,"8-9","2016-11-08 23:20:02","2016-11-08 23:20:02"
3297,350,"アエスト株式会社",88,8,"8-9","2016-11-08 23:20:02","2016-11-08 23:20:02"
3302,375,"株式会社クラヴィス",82,8,"8-9","2016-11-08 23:20:03","2016-11-08 23:20:03"
3303,593,"株式会社はてな",81,8,"8-9","2016-11-08 23:20:03","2016-11-08 23:20:03"
3304,350,"ソネットビジネスアソシエイツ株式会社",80,8,"9-10","2016-11-08 23:20:03","2016-11-08 23:20:03"
3306,300,"株式会社インサット",79,8,"8-9","2016-11-08 23:20:03","2016-11-08 23:20:03"
3309,350,"株式会社アイティアイ",79,8,"8-9","2016-11-08 23:20:03","2016-11-08 23:20:03"
3310,307,"株式会社OneHundred ",79,8,"10-11","2016-11-08 23:20:03","2016-11-08 23:20:03"
3312,575,"株式会社EnMan Corporation",78,7,"8-9","2016-11-08 23:20:04","2016-11-08 23:20:04"
3316,490,"株式会社コンフィデンス",76,8,"10-11","2016-11-08 23:20:04","2016-11-08 23:20:04"
3317,300,"株式会社八雲ソフトウェア",76,8,"8-9","2016-11-08 23:20:04","2016-11-08 23:20:04"
3318,400,"株式会社ＥＤＵＣＯＭ",75,8,"10-11","2016-11-08 23:20:05","2016-11-08 23:20:05"
3319,450,"株式会社アベリオシステムズ",75,8,"8-9","2016-11-08 23:20:05","2016-11-08 23:20:05"
3323,550,"株式会社システムエージェントジャパン",74,8,"9-10","2016-11-08 23:20:05","2016-11-08 23:20:05"
3324,417,"株式会社ビーコンインフォメーションテクノロジー",74,6,"10-11","2016-11-08 23:20:05","2016-11-08 23:20:05"
3326,350,"トラッシュブリーフィング合同会社",73,8,"9-10","2016-11-08 23:20:07","2016-11-08 23:20:07"
3327,700,"株式会社エイチ・ティー・エル",72,8,"8-9","2016-11-08 23:20:07","2016-11-08 23:20:07"
3328,430,"株式会社パートナー",71,8,"9-10","2016-11-08 23:20:07","2016-11-08 23:20:07"
3329,970,"株式会社日立システムズ",70,8,"8-9","2016-11-08 23:20:07","2016-11-08 23:20:07"
3330,417,"株式会社グローバルキャスト",70,8,"10-11","2016-11-08 23:20:07","2016-11-08 23:20:07"
3332,600,"株式会社AZITO",69,8,"9-10","2016-11-08 23:20:07","2016-11-08 23:20:07"
3333,600,"ウィプロ・ジャパン株式会社",69,8,"9-10","2016-11-08 23:20:07","2016-11-08 23:20:07"
3336,350,"株式会社アクティブデザイン",66,8,"9-10","2016-11-08 23:20:08","2016-11-08 23:20:08"
3337,383,"アイオステクノロジー株式会社",65,8,"9-10","2016-11-08 23:20:08","2016-11-08 23:20:08"
3338,400,"日本ユニシステム株式会社",65,8,"9-10","2016-11-08 23:20:08","2016-11-08 23:20:08"
3339,500,"ｄＳＰＡＣＥ　Ｊａｐａｎ株式会社",65,8,"10-11","2016-11-08 23:20:08","2016-11-08 23:20:08"
3340,350,"株式会社アドバンス",64,7,"9-10","2016-11-08 23:20:09","2016-11-08 23:20:09"
3341,417,"アスカ・クリエイション株式会社",64,8,"10-11","2016-11-08 23:20:09","2016-11-08 23:20:09"
3342,517,"三信ネットワークサービス株式会社",63,8,"8-9","2016-11-08 23:20:09","2016-11-08 23:20:09"
3344,350,"シーティーシー・システムオペレーションズ株式会社",63,8,"9-10","2016-11-08 23:20:09","2016-11-08 23:20:09"
3345,717,"リンクシェア・ジャパン株式会社",63,7,"10-11","2016-11-08 23:20:09","2016-11-08 23:20:09"
3346,325,"アイビーシー株式会社",63,8,"10-11","2016-11-08 23:20:09","2016-11-08 23:20:09"
3348,450,"日立ソフトシステムデザイン株式会社",55,8,"9-10","2016-11-08 23:20:11","2016-11-08 23:20:11"
3349,550,"株式会社アーウィン",53,8,"10-11","2016-11-08 23:20:11","2016-11-08 23:20:11"
3368,317,"Ｓ＆Ｅパートナーズ株式会社",91,7,"8-9","2016-11-08 23:20:15","2016-11-08 23:20:15"
3369,350,"株式会社フリープロモーション",85,7,"9-10","2016-11-08 23:20:15","2016-11-08 23:20:15"
3372,533,"株式会社ＮＴＴ東日本－南関東",83,7,"8-9","2016-11-08 23:20:17","2016-11-08 23:20:17"
3376,430,"株式会社ドリーム・アーツ沖縄",78,7,"9-10","2016-11-08 23:20:17","2016-11-08 23:20:17"
3378,300,"ライジングテクノ株式会社",77,7,"8-9","2016-11-08 23:20:17","2016-11-08 23:20:17"
3380,500,"ニュートン・コンサルティング株式会社",75,7,"9-10","2016-11-08 23:20:18","2016-11-08 23:20:18"
3381,500,"株式会社アトレ",75,7,"8-9","2016-11-08 23:20:18","2016-11-08 23:20:18"
3382,550,"株式会社プレスク",74,13,"8-9","2016-11-08 23:20:18","2016-11-08 23:20:18"
3384,383,"株式会社テレホンリース",71,7,"8-9","2016-11-08 23:20:18","2016-11-08 23:20:18"
3385,350,"株式会社インターオフィス",71,7,"8-9","2016-11-08 23:20:18","2016-11-08 23:20:18"
3386,450,"株式会社メルカリ",70,7,"8-9","2016-11-08 23:20:18","2016-11-08 23:20:18"
3387,400,"グローバル・テクノロジー・デザイン株式会社",69,7,"9-10","2016-11-08 23:20:18","2016-11-08 23:20:18"
3388,350,"株式会社三貴",69,7,"10-11","2016-11-08 23:20:19","2016-11-08 23:20:19"
3390,300,"株式会社ＲＩＮＥＴ",68,7,"8-9","2016-11-08 23:20:19","2016-11-08 23:20:19"
3391,383,"株式会社マウス",67,7,"8-9","2016-11-08 23:20:19","2016-11-08 23:20:19"
3392,417,"株式会社メディアインテグレーション",67,7,"9-10","2016-11-08 23:20:19","2016-11-08 23:20:19"
3393,400,"株式会社テルヤ",67,6,"9-10","2016-11-08 23:20:19","2016-11-08 23:20:19"
3394,317,"財団法人日本交通公社",66,7,"9-10","2016-11-08 23:20:19","2016-11-08 23:20:19"
3395,770,"ウイングアーク１ｓｔ株式会社",66,7,"9-10","2016-11-08 23:20:21","2016-11-08 23:20:21"
3396,450,"株式会社ベネッセＭＣＭ",66,9,"9-10","2016-11-08 23:20:21","2016-11-08 23:20:21"
3397,330,"株式会社ジェイウェルドットコム",66,7,"8-9","2016-11-08 23:20:21","2016-11-08 23:20:21"
3398,317,"株式会社ファッションウォーカー",65,7,"10-11","2016-11-08 23:20:21","2016-11-08 23:20:21"
3399,607,"株式会社NTTデータMSE",64,7,"9-10","2016-11-08 23:20:21","2016-11-08 23:20:21"
3400,450,"イー・アソシエイツ株式会社",64,7,"8-9","2016-11-08 23:20:21","2016-11-08 23:20:21"
3401,383,"エルコムウォーク株式会社",64,7,"10-11","2016-11-08 23:20:21","2016-11-08 23:20:21"
3402,400,"株式会社ＣＳＣソリューションズ",63,7,"10-11","2016-11-08 23:20:21","2016-11-08 23:20:21"
3403,350,"エレクス株式会社",61,7,"9-10","2016-11-08 23:20:22","2016-11-08 23:20:22"
3404,450,"株式会社インテリジェントシステム",61,7,"10-11","2016-11-08 23:20:22","2016-11-08 23:20:22"
3405,450,"株式会社エンジン",61,7,"9-10","2016-11-08 23:20:22","2016-11-08 23:20:22"
3406,550,"株式会社横浜インプラントセンター",61,7,"9-10","2016-11-08 23:20:22","2016-11-08 23:20:22"
3407,350,"デジット株式会社",58,7,"10-11","2016-11-08 23:20:22","2016-11-08 23:20:22"
3408,400,"株式会社ＳＡＶＡＷＡＹ",53,7,"8-9","2016-11-08 23:20:22","2016-11-08 23:20:22"
3410,530,"アルテリア・ネットワークス株式会社",50,7,"8-9","2016-11-08 23:20:22","2016-11-08 23:20:22"
3411,383,"コンピューターサイエンス株式会社",48,7,"9-10","2016-11-08 23:20:22","2016-11-08 23:20:22"
3424,430,"株式会社アイモバイル",92,6,"9-10","2016-11-08 23:20:26","2016-11-08 23:20:26"
3432,550,"株式会社AppBank Store",87,6,"8-9","2016-11-08 23:20:27","2016-11-08 23:20:27"
3434,450,"GMOくまポン株式会社",87,6,"9-10","2016-11-08 23:20:27","2016-11-08 23:20:27"
3436,425,"エクサ・システムプランニング株式会社",86,6,"8-9","2016-11-08 23:20:27","2016-11-08 23:20:27"
3437,350,"株式会社Y’s&partners",86,6,"8-9","2016-11-08 23:20:27","2016-11-08 23:20:27"
3447,417,"株式会社ベースメントファクトリープロダクション",84,6,"10-11","2016-11-08 23:20:30","2016-11-08 23:20:30"
3453,550,"株式会社グロース",81,6,"8-9","2016-11-08 23:20:30","2016-11-08 23:20:30"
3454,300,"株式会社フロム・ソフトウェア",80,6,"10-11","2016-11-08 23:20:30","2016-11-08 23:20:30"
3456,550,"株式会社エボルブ",80,6,"9-10","2016-11-08 23:20:31","2016-11-08 23:20:31"
3458,350,"ワンダークエスト株式会社",80,6,"8-9","2016-11-08 23:20:31","2016-11-08 23:20:31"
3462,350,"株式会社ニューロンネットワーク",78,6,"9-10","2016-11-08 23:20:31","2016-11-08 23:20:31"
3463,350,"ローソンソフトウエアジャパン株式会社",78,6,"9-10","2016-11-08 23:20:31","2016-11-08 23:20:31"
3465,300,"株式会社J-Payment",76,6,"10-11","2016-11-08 23:20:32","2016-11-08 23:20:32"
3466,425,"ウェブクリエーション株式会社",76,8,"9-10","2016-11-08 23:20:32","2016-11-08 23:20:32"
3467,500,"BIJIN&Co.株式会社",76,6,"10-11","2016-11-08 23:20:32","2016-11-08 23:20:32"
3468,383,"株式会社シェア",76,6,"9-10","2016-11-08 23:20:32","2016-11-08 23:20:32"
3469,379,"株式会社サイビーンズ",75,6,"9-10","2016-11-08 23:20:32","2016-11-08 23:20:32"
3470,450,"サンケンフォーキャスト株式会社",75,6,"9-10","2016-11-08 23:20:32","2016-11-08 23:20:32"
3471,350,"プラス・フリー株式会社",74,6,"8-9","2016-11-08 23:20:32","2016-11-08 23:20:32"
3472,817,"株式会社ジェイ・ディー・パワー・アジア・パシフィック",74,6,"9-10","2016-11-08 23:20:32","2016-11-08 23:20:32"
3474,350,"株式会社ラディアント・ソリューションズ",74,6,"8-9","2016-11-08 23:20:33","2016-11-08 23:20:33"
3476,450,"株式会社ティー・エム・アール・システムズ",73,6,"9-10","2016-11-08 23:20:33","2016-11-08 23:20:33"
3477,525,"サーブシステムズ株式会社",73,6,"8-9","2016-11-08 23:20:33","2016-11-08 23:20:33"
3478,350,"株式会社ディスパ",73,6,"10-11","2016-11-08 23:20:33","2016-11-08 23:20:33"
3480,325,"株式会社日立システムバリュー",72,6,"9-10","2016-11-08 23:20:33","2016-11-08 23:20:33"
3482,450,"株式会社エー・エス・エル",72,6,"8-9","2016-11-08 23:20:35","2016-11-08 23:20:35"
3484,410,"株式会社ZEALOT",72,6,"8-9","2016-11-08 23:20:35","2016-11-08 23:20:35"
3485,375,"株式会社シスリンク",72,6,"8-9","2016-11-08 23:20:35","2016-11-08 23:20:35"
3486,450,"スーパーソフトウェア株式会社",72,4,"9-10","2016-11-08 23:20:35","2016-11-08 23:20:35"
3487,325,"株式会社ネットシーズ",72,6,"9-10","2016-11-08 23:20:35","2016-11-08 23:20:35"
3490,450,"株式会社サマリー",71,6,"8-9","2016-11-08 23:20:35","2016-11-08 23:20:35"
3491,375,"アンカーテクノロジー株式会社",71,6,"9-10","2016-11-08 23:20:36","2016-11-08 23:20:36"
3494,410,"株式会社エデュース",69,6,"9-10","2016-11-08 23:20:36","2016-11-08 23:20:36"
3495,350,"株式会社キャリアシステム",69,6,"8-9","2016-11-08 23:20:36","2016-11-08 23:20:36"
3496,450,"アルカディン・ジャパン株式会社",69,6,"8-9","2016-11-08 23:20:36","2016-11-08 23:20:36"
3498,417,"ゼンケンプラネット株式会社",68,6,"8-9","2016-11-08 23:20:36","2016-11-08 23:20:36"
3499,317,"ストンゲートカンパニー株式会社",67,6,"9-10","2016-11-08 23:20:37","2016-11-08 23:20:37"
3500,475,"株式会社チェプロ",67,6,"10-11","2016-11-08 23:20:37","2016-11-08 23:20:37"
3502,400,"日本システムウェア株式会社",67,6,"9-10","2016-11-08 23:20:37","2016-11-08 23:20:37"
3503,500,"株式会社京王ＩＴソリューションズ",65,4,"9-10","2016-11-08 23:20:37","2016-11-08 23:20:37"
3504,300,"株式会社アクセントキーテクノロジー",64,6,"8-9","2016-11-08 23:20:37","2016-11-08 23:20:37"
3505,350,"株式会社ケイズワン",64,6,"8-9","2016-11-08 23:20:37","2016-11-08 23:20:37"
3506,375,"株式会社サンプランソフト",64,6,"9-10","2016-11-08 23:20:38","2016-11-08 23:20:38"
3507,600,"かんぽシステムソリューションズ株式会社",63,6,"10-11","2016-11-08 23:20:38","2016-11-08 23:20:38"
3508,317,"株式会社オン・ザ・ネット",63,6,"9-10","2016-11-08 23:20:38","2016-11-08 23:20:38"
3509,330,"アイクラフト株式会社",62,6,"10-11","2016-11-08 23:20:38","2016-11-08 23:20:38"
3510,383,"吉田電話株式会社",62,6,"9-10","2016-11-08 23:20:38","2016-11-08 23:20:38"
3511,417,"株式会社エイエイエスティ",62,6,"9-10","2016-11-08 23:20:38","2016-11-08 23:20:38"
3512,450,"T&D情報システム株式会社",62,6,"8-9","2016-11-08 23:20:38","2016-11-08 23:20:38"
3513,450,"株式会社インテック",60,5,"9-10","2016-11-08 23:20:39","2016-11-08 23:20:39"
3519,450,"株式会社サージュ",58,6,"10-11","2016-11-08 23:20:39","2016-11-08 23:20:39"
3520,383,"Ｇ・Ｏ・Ｇ株式会社",55,6,"8-9","2016-11-08 23:20:39","2016-11-08 23:20:39"
3521,470,"株式会社インフォトップ",55,6,"8-9","2016-11-08 23:20:39","2016-11-08 23:20:39"
3522,890,"テルストラ・ジャパン株式会社",54,6,"10-11","2016-11-08 23:20:40","2016-11-08 23:20:40"
3524,350,"フィックス株式会社",45,6,"9-10","2016-11-08 23:20:40","2016-11-08 23:20:40"
3525,417,"株式会社ネオコーポレーション",44,6,"9-10","2016-11-08 23:20:40","2016-11-08 23:20:40"
3550,483,"Inagora株式会社",80,5,"10-11","2016-11-08 23:20:45","2016-11-08 23:20:45"
3552,850,"エンバカデロ・テクノロジーズ合同会社",77,5,"8-9","2016-11-08 23:20:45","2016-11-08 23:20:45"
3554,400,"アイコムシステック株式会社",75,5,"9-10","2016-11-08 23:20:46","2016-11-08 23:20:46"
3557,450,"NEC通信システム",73,5,"8-9","2016-11-08 23:20:46","2016-11-08 23:20:46"
3558,450,"株式会社インターチャネル",73,5,"10-11","2016-11-08 23:20:46","2016-11-08 23:20:46"
3559,350,"株式会社ティム・プラニング",72,5,"9-10","2016-11-08 23:20:46","2016-11-08 23:20:46"
3560,300,"株式会社ブレイントラスト",70,5,"10-11","2016-11-08 23:20:46","2016-11-08 23:20:46"
3562,450,"株式会社クロステック",70,5,"9-10","2016-11-08 23:20:47","2016-11-08 23:20:47"
3563,383,"株式会社サンユー都市開発",68,5,"9-10","2016-11-08 23:20:47","2016-11-08 23:20:47"
3564,383,"株式会社キクテック",68,5,"9-10","2016-11-08 23:20:47","2016-11-08 23:20:47"
3565,417,"株式会社広域高速ネット二九六",67,5,"10-11","2016-11-08 23:20:47","2016-11-08 23:20:47"
3566,475,"楽天スーパーロジスティクス株式会社",67,5,"8-9","2016-11-08 23:20:47","2016-11-08 23:20:47"
3569,530,"株式会社コマース２１",65,5,"9-10","2016-11-08 23:20:47","2016-11-08 23:20:47"
3570,600,"株式会社ビットサーフ",64,5,"9-10","2016-11-08 23:20:47","2016-11-08 23:20:47"
3571,325,"株式会社アルファシステムエンジニアリング",64,5,"8-9","2016-11-08 23:20:48","2016-11-08 23:20:48"
3572,400,"商人ねっと株式会社",63,5,"9-10","2016-11-08 23:20:48","2016-11-08 23:20:48"
3573,425,"株式会社レジェンド・アプリケーションズ",59,5,"10-11","2016-11-08 23:20:48","2016-11-08 23:20:48"
3574,425,"株式会社アドヴアンスト・ソフト・エンジニアリング",58,5,"9-10","2016-11-08 23:20:48","2016-11-08 23:20:48"
3577,525,"株式会社ＮＳ・コンピュータサービス",57,5,"9-10","2016-11-08 23:20:48","2016-11-08 23:20:48"
3578,450,"株式会社アールエスティ",53,5,"8-9","2016-11-08 23:20:49","2016-11-08 23:20:49"
3579,300,"ダイヤル・サービス株式会社",53,5,"9-10","2016-11-08 23:20:49","2016-11-08 23:20:49"
3580,350,"株式会社環",53,5,"10-11","2016-11-08 23:20:49","2016-11-08 23:20:49"
3581,410,"株式会社ホロンシステム",48,5,"9-10","2016-11-08 23:20:49","2016-11-08 23:20:49"
3593,450,"株式会社じげん",87,4,"9-10","2016-11-08 23:20:53","2016-11-08 23:20:53"
3597,500,"ECマーケティング株式会社",85,4,"9-10","2016-11-08 23:20:53","2016-11-08 23:20:53"
3598,450,"株式会社シンキオン・クリエイティブ",84,4,"9-10","2016-11-08 23:20:53","2016-11-08 23:20:53"
3601,800,"有限会社ワンクリックアイティー",83,4,"9-10","2016-11-08 23:20:55","2016-11-08 23:20:55"
3615,650,"フィーチャ株式会社",81,4,"9-10","2016-11-08 23:20:56","2016-11-08 23:20:56"
3616,350,"株式会社エニグモ",81,4,"10-11","2016-11-08 23:20:57","2016-11-08 23:20:57"
3618,350,"株式会社トライアングル",81,4,"8-9","2016-11-08 23:20:57","2016-11-08 23:20:57"
3627,400,"株式会社ムーンファクトリー",79,4,"8-9","2016-11-08 23:20:58","2016-11-08 23:20:58"
3629,650,"株式会社インタラクティブ・コミュニケーション・デザイン",79,4,"9-10","2016-11-08 23:20:58","2016-11-08 23:20:58"
3631,350,"株式会社Ｓ.Ｅ.Ｃ",79,4,"8-9","2016-11-08 23:20:58","2016-11-08 23:20:58"
3640,400,"株式会社アクセルエンターメディア",78,4,"9-10","2016-11-08 23:21:00","2016-11-08 23:21:00"
3646,550,"株式会社エスユーエス",77,4,"9-10","2016-11-08 23:21:00","2016-11-08 23:21:00"
3649,617,"コーレル株式会社",77,4,"8-9","2016-11-08 23:21:02","2016-11-08 23:21:02"
3651,350,"株式会社Ruby開発",76,4,"9-10","2016-11-08 23:21:02","2016-11-08 23:21:02"
3655,310,"株式会社Human Relations",76,4,"8-9","2016-11-08 23:21:02","2016-11-08 23:21:02"
3657,317,"株式会社フラット",76,4,"9-10","2016-11-08 23:21:03","2016-11-08 23:21:03"
3660,350,"株式会社リアル",76,4,"8-9","2016-11-08 23:21:03","2016-11-08 23:21:03"
3665,450,"株式会社ユニソンプラネット",74,4,"9-10","2016-11-08 23:21:04","2016-11-08 23:21:04"
3667,450,"株式会社CTU ",74,4,"8-9","2016-11-08 23:21:04","2016-11-08 23:21:04"
3668,350,"株式会社スタジオマップ",74,4,"8-9","2016-11-08 23:21:05","2016-11-08 23:21:05"
3670,450,"株式会社カレン",74,4,"10-11","2016-11-08 23:21:05","2016-11-08 23:21:05"
3672,350,"株式会社Ｋａｚｅ＆Ｃｏ．",74,4,"8-9","2016-11-08 23:21:05","2016-11-08 23:21:05"
3674,450,"株式会社ヒューマンパワー",73,4,"8-9","2016-11-08 23:21:05","2016-11-08 23:21:05"
3675,417,"株式会社富士経済",73,4,"10-11","2016-11-08 23:21:05","2016-11-08 23:21:05"
3677,500,"ユビキタス・テクノロジーズ株式会社",73,4,"10-11","2016-11-08 23:21:06","2016-11-08 23:21:06"
3679,650,"株式会社ＩＴＩ",73,4,"10-11","2016-11-08 23:21:06","2016-11-08 23:21:06"
3681,350,"情報通信設備株式会社",73,4,"9-10","2016-11-08 23:21:06","2016-11-08 23:21:06"
3683,500,"株式会社ティーズオフィス",73,4,"9-10","2016-11-08 23:21:06","2016-11-08 23:21:06"
3684,400,"株式会社ＣＭＣＳｏｌｕｔｉｏｎｓ",72,4,"9-10","2016-11-08 23:21:06","2016-11-08 23:21:06"
3686,650,"株式会社りーふねっと",72,4,"9-10","2016-11-08 23:21:07","2016-11-08 23:21:07"
3687,700,"財団法人経済調査会",72,6,"9-10","2016-11-08 23:21:07","2016-11-08 23:21:07"
3689,500,"日本シーディーエイチ株式会社",72,4,"9-10","2016-11-08 23:21:07","2016-11-08 23:21:07"
3691,350,"株式会社ＳＹＳＫＥＮ",71,4,"9-10","2016-11-08 23:21:07","2016-11-08 23:21:07"
3693,350,"株式会社コンビニステーション",71,4,"8-9","2016-11-08 23:21:08","2016-11-08 23:21:08"
3695,450,"オルグロー株式会社",71,4,"9-10","2016-11-08 23:21:08","2016-11-08 23:21:08"
3696,450,"株式会社システムアーツプランニング",71,4,"9-10","2016-11-08 23:21:08","2016-11-08 23:21:08"
3699,550,"株式会社ファイン",71,4,"9-10","2016-11-08 23:21:09","2016-11-08 23:21:09"
3700,350,"有限会社ワイズ・ラブ",71,4,"8-9","2016-11-08 23:21:09","2016-11-08 23:21:09"
3701,350,"シーアンドエス株式会社",71,4,"9-10","2016-11-08 23:21:09","2016-11-08 23:21:09"
3703,500,"株式会社ワイズクラック",71,4,"9-10","2016-11-08 23:21:09","2016-11-08 23:21:09"
3704,375,"株式会社クロスボーダース",70,4,"8-9","2016-11-08 23:21:11","2016-11-08 23:21:11"
3705,500,"株式会社ＦＣＣテクノ",70,4,"8-9","2016-11-08 23:21:11","2016-11-08 23:21:11"
3712,317,"株式会社スマートソフトウェア",70,4,"8-9","2016-11-08 23:21:12","2016-11-08 23:21:12"
3713,350,"株式会社フィフティフォースタイル",70,4,"10-11","2016-11-08 23:21:12","2016-11-08 23:21:12"
3714,350,"有限会社ジーアール",70,4,"9-10","2016-11-08 23:21:12","2016-11-08 23:21:12"
3716,650,"Ｉｐｓｏｓ日本統計調査株式会社",70,3,"9-10","2016-11-08 23:21:12","2016-11-08 23:21:12"
3717,433,"伊藤忠インタラクティブ株式会社",69,4,"9-10","2016-11-08 23:21:12","2016-11-08 23:21:12"
3722,350,"株式会社W・CAI",69,4,"9-10","2016-11-08 23:21:13","2016-11-08 23:21:13"
3723,400,"株式会社オリコ関東",69,4,"10-11","2016-11-08 23:21:13","2016-11-08 23:21:13"
3724,550,"シーエヌシー株式会社",69,4,"9-10","2016-11-08 23:21:13","2016-11-08 23:21:13"
3726,650,"株式会社Gunosy",68,4,"9-10","2016-11-08 23:21:13","2016-11-08 23:21:13"
3728,500,"日本通信エンジニアリングサービス株式会社",68,4,"8-9","2016-11-08 23:21:13","2016-11-08 23:21:13"
3729,350,"株式会社ウイン・コンサル",68,4,"8-9","2016-11-08 23:21:14","2016-11-08 23:21:14"
3730,450,"株式会社ＩＳＡＯ",68,4,"10-11","2016-11-08 23:21:14","2016-11-08 23:21:14"
3731,350,"ネクサート株式会社",68,4,"10-11","2016-11-08 23:21:14","2016-11-08 23:21:14"
3734,350,"株式会社アズールドットネット",67,3,"9-10","2016-11-08 23:21:14","2016-11-08 23:21:14"
3735,417,"株式会社blueprint",67,4,"8-9","2016-11-08 23:21:14","2016-11-08 23:21:14"
3736,350,"インタアクト株式会社",67,4,"10-11","2016-11-08 23:21:15","2016-11-08 23:21:15"
3737,350,"株式会社ネットワークス",67,4,"8-9","2016-11-08 23:21:15","2016-11-08 23:21:15"
3738,500,"株式会社アジアンリンク",66,4,"9-10","2016-11-08 23:21:15","2016-11-08 23:21:15"
3739,525,"テックファーム株式会社",66,4,"10-11","2016-11-08 23:21:15","2016-11-08 23:21:15"
3740,300,"株式会社ジーピーオンライン",66,4,"10-11","2016-11-08 23:21:15","2016-11-08 23:21:15"
3742,325,"株式会社フォーサイド・ドット・コム",66,2,"10-11","2016-11-08 23:21:15","2016-11-08 23:21:15"
3745,300,"株式会社インゲーム",66,4,"10-11","2016-11-08 23:21:16","2016-11-08 23:21:16"
3747,350,"株式会社ライズ",66,4,"9-10","2016-11-08 23:21:16","2016-11-08 23:21:16"
3748,350,"株式会社アイ・シー・エル",66,4,"10-11","2016-11-08 23:21:16","2016-11-08 23:21:16"
3749,450,"株式会社オープンストリーム",65,4,"9-10","2016-11-08 23:21:16","2016-11-08 23:21:16"
3750,1050,"Vスプリーダム株式会社",65,4,"9-10","2016-11-08 23:21:16","2016-11-08 23:21:16"
3751,450,"株式会社デジミホ",65,4,"9-10","2016-11-08 23:21:16","2016-11-08 23:21:16"
3752,350,"株式会社アパレルウェブ",65,4,"10-11","2016-11-08 23:21:16","2016-11-08 23:21:16"
3753,350,"アイティ・インターナショナル株式会社",65,4,"9-10","2016-11-08 23:21:16","2016-11-08 23:21:16"
3754,350,"株式会社ネオテクノ",65,4,"9-10","2016-11-08 23:21:17","2016-11-08 23:21:17"
3755,450,"株式会社光システム",65,4,"9-10","2016-11-08 23:21:17","2016-11-08 23:21:17"
3756,550,"株式会社トータルビジネススタッフ",64,4,"10-11","2016-11-08 23:21:17","2016-11-08 23:21:17"
3758,450,"株式会社ランドコンピュータ",64,4,"8-9","2016-11-08 23:21:17","2016-11-08 23:21:17"
3759,300,"株式会社ケー・エス・ディー",64,4,"9-10","2016-11-08 23:21:17","2016-11-08 23:21:17"
3760,417,"株式会社グリフィン",64,4,"10-11","2016-11-08 23:21:17","2016-11-08 23:21:17"
3761,550,"株式会社富士通中国システムズ",64,4,"9-10","2016-11-08 23:21:17","2016-11-08 23:21:17"
3762,400,"株式会社ビズテック",64,4,"8-9","2016-11-08 23:21:17","2016-11-08 23:21:17"
3763,300,"株式会社スターゲートネットワーク",64,4,"8-9","2016-11-08 23:21:18","2016-11-08 23:21:18"
3764,450,"株式会社フラウディア・コミュニケーションズ",64,4,"10-11","2016-11-08 23:21:18","2016-11-08 23:21:18"
3765,470,"矢崎総業株式会社",63,4,"9-10","2016-11-08 23:21:18","2016-11-08 23:21:18"
3766,350,"株式会社エクスラント",63,4,"9-10","2016-11-08 23:21:18","2016-11-08 23:21:18"
3767,317,"ＣＳＳクレセント株式会社",63,4,"9-10","2016-11-08 23:21:18","2016-11-08 23:21:18"
3768,350,"株式会社アイ・エス・アイソフトウェアー",63,4,"10-11","2016-11-08 23:21:18","2016-11-08 23:21:18"
3771,400,"ココン株式会社",61,4,"9-10","2016-11-08 23:21:19","2016-11-08 23:21:19"
3772,650,"株式会社グッドコンピュータ",61,4,"8-9","2016-11-08 23:21:19","2016-11-08 23:21:19"
3773,350,"株式会社イー・ビジョン",61,4,"8-9","2016-11-08 23:21:19","2016-11-08 23:21:19"
3775,650,"ネット株式会社",61,4,"9-10","2016-11-08 23:21:19","2016-11-08 23:21:19"
3776,750,"ファクトセット・パシフィック",61,4,"9-10","2016-11-08 23:21:19","2016-11-08 23:21:19"
3777,417,"株式会社インテリジェントシステムズ",60,4,"10-11","2016-11-08 23:21:21","2016-11-08 23:21:21"
3778,700,"株式会社ＫａｓｐｅｒｓｋｙＬａｂｓＪａｐａｎ",60,5,"9-10","2016-11-08 23:21:21","2016-11-08 23:21:21"
3779,450,"株式会社アイ・ジー・スクウェア",60,4,"8-9","2016-11-08 23:21:21","2016-11-08 23:21:21"
3780,400,"順風路株式会社",60,4,"10-11","2016-11-08 23:21:21","2016-11-08 23:21:21"
3781,350,"株式会社システム・デザイン・ジャパン",60,4,"8-9","2016-11-08 23:21:21","2016-11-08 23:21:21"
3782,350,"株式会社ポイントラグ",59,4,"10-11","2016-11-08 23:21:21","2016-11-08 23:21:21"
3783,350,"株式会社アンテック",59,4,"10-11","2016-11-08 23:21:21","2016-11-08 23:21:21"
3784,450,"アクロス株式会社",59,4,"9-10","2016-11-08 23:21:21","2016-11-08 23:21:21"
3785,350,"株式会社トリプルアイズ",58,4,"10-11","2016-11-08 23:21:22","2016-11-08 23:21:22"
3786,350,"株式会社オズソフトコンサルタンツ",58,4,"8-9","2016-11-08 23:21:22","2016-11-08 23:21:22"
3787,350,"株式会社システム・リボルーション",58,4,"10-11","2016-11-08 23:21:22","2016-11-08 23:21:22"
3788,450,"株式会社ジーエーピー",57,4,"8-9","2016-11-08 23:21:22","2016-11-08 23:21:22"
3789,310,"株式会社経営情報センター",56,4,"8-9","2016-11-08 23:21:22","2016-11-08 23:21:22"
3790,450,"株式会社エムツーシステムズ",56,4,"9-10","2016-11-08 23:21:22","2016-11-08 23:21:22"
3791,350,"新日本コンピューターマネジメント株式会社",55,4,"9-10","2016-11-08 23:21:24","2016-11-08 23:21:24"
3792,383,"アクロスロード株式会社",52,4,"8-9","2016-11-08 23:21:24","2016-11-08 23:21:24"
3793,600,"富士火災ビジネスソリューションズ株式会社",52,4,"9-10","2016-11-08 23:21:24","2016-11-08 23:21:24"
3794,300,"株式会社デジック",51,5,"8-9","2016-11-08 23:21:24","2016-11-08 23:21:24"
3795,383,"株式会社ASSO",47,4,"8-9","2016-11-08 23:21:24","2016-11-08 23:21:24"
3796,317,"株式会社grape",41,4,"9-10","2016-11-08 23:21:25","2016-11-08 23:21:25"
3797,383,"アブラハム・グループ・ホールディングス株式会社",37,4,"10-11","2016-11-08 23:21:25","2016-11-08 23:21:25"
3833,300,"株式会社日本通信サービス",85,3,"9-10","2016-11-08 23:21:33","2016-11-08 23:21:33"
3835,500,"株式会社トラストゲート",83,3,"8-9","2016-11-08 23:21:33","2016-11-08 23:21:33"
3836,550,"株式会社JCBC",80,3,"9-10","2016-11-08 23:21:33","2016-11-08 23:21:33"
3838,350,"株式会社マックススクエア",80,3,"10-11","2016-11-08 23:21:34","2016-11-08 23:21:34"
3841,350,"株式会社クリエイティブジャパン",79,3,"8-9","2016-11-08 23:21:34","2016-11-08 23:21:34"
3844,328,"株式会社 Work Prime Contract",77,3,"8-9","2016-11-08 23:21:34","2016-11-08 23:21:34"
3845,425,"北電情報システムサービス株式会社",77,3,"9-10","2016-11-08 23:21:34","2016-11-08 23:21:34"
3846,450,"株式会社ジェイネット",77,3,"10-11","2016-11-08 23:21:34","2016-11-08 23:21:34"
3850,350,"株式会社富士通東北システムズ",76,2,"10-11","2016-11-08 23:21:35","2016-11-08 23:21:35"
3851,350,"株式会社ドコモＣＳ四国",75,3,"8-9","2016-11-08 23:21:35","2016-11-08 23:21:35"
3853,550,"(株)NTTマーケティングアクト",74,3,"8-9","2016-11-08 23:21:35","2016-11-08 23:21:35"
3854,450,"株式会社エイムプレイス",74,3,"9-10","2016-11-08 23:21:35","2016-11-08 23:21:35"
3855,450,"株式会社アイテックス",73,3,"9-10","2016-11-08 23:21:35","2016-11-08 23:21:35"
3857,300,"株式会社サンリキュール",72,3,"9-10","2016-11-08 23:21:36","2016-11-08 23:21:36"
3858,350,"株式会社メディアインタラクティブ",72,3,"10-11","2016-11-08 23:21:36","2016-11-08 23:21:36"
3859,350,"株式会社ネットマン",72,3,"9-10","2016-11-08 23:21:36","2016-11-08 23:21:36"
3861,300,"株式会社コンテライド",71,3,"10-11","2016-11-08 23:21:36","2016-11-08 23:21:36"
3862,350,"株式会社コスモシステムサービス",70,3,"10-11","2016-11-08 23:21:36","2016-11-08 23:21:36"
3863,417,"株式会社TSP",69,3,"9-10","2016-11-08 23:21:37","2016-11-08 23:21:37"
3864,400,"株式会社エイチ・オー・ピー",69,3,"9-10","2016-11-08 23:21:37","2016-11-08 23:21:37"
3869,550,"インターナップ・ジャパン株式会社",67,3,"9-10","2016-11-08 23:21:39","2016-11-08 23:21:39"
3870,1050,"グレースノート株式会社",67,3,"8-9","2016-11-08 23:21:39","2016-11-08 23:21:39"
3871,350,"株式会社ユニゾンリサーチ",67,3,"8-9","2016-11-08 23:21:39","2016-11-08 23:21:39"
3872,300,"株式会社パーフェクトプランニング",67,3,"10-11","2016-11-08 23:21:39","2016-11-08 23:21:39"
3873,350,"株式会社でんさテクノ",67,3,"8-9","2016-11-08 23:21:39","2016-11-08 23:21:39"
3874,550,"株式会社電通リサーチ",66,3,"9-10","2016-11-08 23:21:39","2016-11-08 23:21:39"
3875,350,"株式会社トラベルヴォイスアンドネット",66,3,"10-11","2016-11-08 23:21:39","2016-11-08 23:21:39"
3877,350,"有限会社ビジュアルウェア",64,3,"8-9","2016-11-08 23:21:40","2016-11-08 23:21:40"
3878,600,"株式会社D2Cソリューションズ",64,3,"10-11","2016-11-08 23:21:40","2016-11-08 23:21:40"
3879,350,"株式会社イージス",64,3,"9-10","2016-11-08 23:21:40","2016-11-08 23:21:40"
3880,417,"株式会社アプリケーションプランニング",64,3,"8-9","2016-11-08 23:21:40","2016-11-08 23:21:40"
3882,417,"株式会社デミテック",64,3,"9-10","2016-11-08 23:21:40","2016-11-08 23:21:40"
3884,350,"株式会社Socio Link",63,3,"9-10","2016-11-08 23:21:41","2016-11-08 23:21:41"
3885,350,"株式会社ビー・エス・ピー",62,3,"10-11","2016-11-08 23:21:41","2016-11-08 23:21:41"
3886,350,"株式会社ＮＴＴ東日本－東北",61,3,"8-9","2016-11-08 23:21:41","2016-11-08 23:21:41"
3888,450,"日本ビジネスロジスティクス株式会社",61,3,"9-10","2016-11-08 23:21:43","2016-11-08 23:21:43"
3889,350,"株式会社ロケーションバリュー",61,3,"9-10","2016-11-08 23:21:43","2016-11-08 23:21:43"
3890,650,"株式会社ウェルインテクノロジー",61,3,"10-11","2016-11-08 23:21:43","2016-11-08 23:21:43"
3891,350,"株式会社日本コマーシャル",61,3,"9-10","2016-11-08 23:21:43","2016-11-08 23:21:43"
3892,350,"デフィデ株式会社",60,3,"10-11","2016-11-08 23:21:43","2016-11-08 23:21:43"
3893,650,"システム・コンサルタンツ株式会社",59,2,"8-9","2016-11-08 23:21:44","2016-11-08 23:21:44"
3894,550,"株式会社キャラアニ",59,3,"10-11","2016-11-08 23:21:44","2016-11-08 23:21:44"
3896,350,"インターレックス株式会社",58,3,"10-11","2016-11-08 23:21:44","2016-11-08 23:21:44"
3897,500,"合資会社エステック",58,3,"9-10","2016-11-08 23:21:44","2016-11-08 23:21:44"
3898,300,"株式会社ミュージックエアポート",58,3,"9-10","2016-11-08 23:21:44","2016-11-08 23:21:44"
3900,350,"株式会社プライド",56,3,"9-10","2016-11-08 23:21:44","2016-11-08 23:21:44"
3901,450,"株式会社コスモ・インタラクティブ",56,3,"9-10","2016-11-08 23:21:44","2016-11-08 23:21:44"
3904,900,"リサーチ・イン・モーション・ジャパン株式会社",54,2,"8-9","2016-11-08 23:21:45","2016-11-08 23:21:45"
3906,317,"ブレイヴコンピュータ株式会社",32,3,"9-10","2016-11-08 23:21:45","2016-11-08 23:21:45"
3920,917,"スマートニュース株式会社",95,2,"9-10","2016-11-08 23:21:48","2016-11-08 23:21:48"
3923,417,"株式会社レグルカセ",84,6,"8-9","2016-11-08 23:21:48","2016-11-08 23:21:48"
3925,550,"株式会社新城",81,2,"10-11","2016-11-08 23:21:48","2016-11-08 23:21:48"
3927,350,"ＬｉＣＲＯＳＳ株式会社",79,2,"9-10","2016-11-08 23:21:48","2016-11-08 23:21:48"
3928,1050,"AOLオンライン・ジャパン株式会社",79,2,"10-11","2016-11-08 23:21:49","2016-11-08 23:21:49"
3929,525,"アジアクエスト株式会社",78,2,"8-9","2016-11-08 23:21:49","2016-11-08 23:21:49"
3930,350,"株式会社キュービックホールディングス",78,2,"9-10","2016-11-08 23:21:49","2016-11-08 23:21:49"
3931,550,"アクサス株式会社",78,2,"9-10","2016-11-08 23:21:49","2016-11-08 23:21:49"
3932,650,"株式会社ナディア",78,2,"10-11","2016-11-08 23:21:49","2016-11-08 23:21:49"
3933,450,"株式会社ネットアシスト",78,2,"8-9","2016-11-08 23:21:49","2016-11-08 23:21:49"
3934,375,"ＩＭＣ株式会社",78,4,"10-11","2016-11-08 23:21:49","2016-11-08 23:21:49"
3935,550,"スタットソフト・ジャパン株式会社",77,2,"8-9","2016-11-08 23:21:49","2016-11-08 23:21:49"
3950,425,"株式会社エスエスアイ",76,2,"9-10","2016-11-08 23:21:52","2016-11-08 23:21:52"
3951,500,"有限会社ＳＩＭＯＮＥ",76,2,"9-10","2016-11-08 23:21:52","2016-11-08 23:21:52"
3954,350,"株式会社ビッグエムズワイ",76,2,"8-9","2016-11-08 23:21:52","2016-11-08 23:21:52"
3955,550,"株式会社ライドシステム",76,2,"10-11","2016-11-08 23:21:52","2016-11-08 23:21:52"
3956,450,"株式会社ナレッジバンク",76,2,"9-10","2016-11-08 23:21:52","2016-11-08 23:21:52"
3960,550,"アイ・ネット・リリー・コーポレーション株式会社",75,2,"9-10","2016-11-08 23:21:53","2016-11-08 23:21:53"
3970,750,"ウェザー・サービス株式会社",75,2,"8-9","2016-11-08 23:21:54","2016-11-08 23:21:54"
3978,850,"株式会社ジャパン・エモーション",75,2,"8-9","2016-11-08 23:21:55","2016-11-08 23:21:55"
3980,550,"株式会社富士通岡山システムエンジニアリング",75,2,"9-10","2016-11-08 23:21:55","2016-11-08 23:21:55"
3981,450,"株式会社ブランディング",75,2,"9-10","2016-11-08 23:21:55","2016-11-08 23:21:55"
3982,750,"株式会社CYNK",74,2,"8-9","2016-11-08 23:21:55","2016-11-08 23:21:55"
3983,850,"株式会社ウィンキューブホールディングス",74,2,"10-11","2016-11-08 23:21:55","2016-11-08 23:21:55"
3985,400,"大和通信株式会社",74,2,"9-10","2016-11-08 23:21:56","2016-11-08 23:21:56"
3987,400,"ファイブスターズゲーム株式会社",74,2,"8-9","2016-11-08 23:21:56","2016-11-08 23:21:56"
3992,417,"株式会社ティーエスネット",74,2,"8-9","2016-11-08 23:21:56","2016-11-08 23:21:56"
3999,450,"株式会社SAKURUG",74,2,"8-9","2016-11-08 23:21:57","2016-11-08 23:21:57"
4000,350,"株式会社クリエイティブリソースインスティチュート",74,2,"9-10","2016-11-08 23:21:57","2016-11-08 23:21:57"
4012,450,"ターナージャパン株式会社",74,2,"8-9","2016-11-08 23:22:00","2016-11-08 23:22:00"
4014,350,"クレスリー株式会社",74,2,"8-9","2016-11-08 23:22:00","2016-11-08 23:22:00"
4015,1050,"マーキュリープロジェクトオフィス株式会社",74,2,"8-9","2016-11-08 23:22:00","2016-11-08 23:22:00"
4017,550,"株式会社フルキャストテレマーケティング",73,2,"9-10","2016-11-08 23:22:00","2016-11-08 23:22:00"
4023,583,"株式会社エム・ディ・シー",73,2,"9-10","2016-11-08 23:22:01","2016-11-08 23:22:01"
4030,450,"株式会社フリーダム",73,4,"10-11","2016-11-08 23:22:02","2016-11-08 23:22:02"
4040,350,"シスメット株式会社",73,2,"10-11","2016-11-08 23:22:03","2016-11-08 23:22:03"
4041,350,"株式会社イーエムテイ",73,2,"10-11","2016-11-08 23:22:03","2016-11-08 23:22:03"
4042,350,"株式会社静岡ユーザック",73,2,"9-10","2016-11-08 23:22:03","2016-11-08 23:22:03"
4044,450,"株式会社アスタスタ",72,2,"9-10","2016-11-08 23:22:03","2016-11-08 23:22:03"
4061,1050,"アバイドソリューション株式会社",72,2,"8-9","2016-11-08 23:22:06","2016-11-08 23:22:06"
4067,350,"株式会社インボイス",72,3,"8-9","2016-11-08 23:22:08","2016-11-08 23:22:08"
4069,350,"ハニカムウエア株式会社",72,2,"8-9","2016-11-08 23:22:08","2016-11-08 23:22:08"
4070,750,"株式会社エスエフシー",72,2,"9-10","2016-11-08 23:22:08","2016-11-08 23:22:08"
4078,350,"英語タウン・ドット・コム株式会社",72,2,"9-10","2016-11-08 23:22:09","2016-11-08 23:22:09"
4080,450,"株式会社メディアクリエイト",72,2,"10-11","2016-11-08 23:22:10","2016-11-08 23:22:10"
4082,450,"株式会社ワンストップ・イノベーション",71,2,"10-11","2016-11-08 23:22:10","2016-11-08 23:22:10"
4096,550,"AJ・Flat株式会社",71,2,"9-10","2016-11-08 23:22:12","2016-11-08 23:22:12"
4104,450,"株式会社エムロード",71,2,"8-9","2016-11-08 23:22:13","2016-11-08 23:22:13"
4105,350,"METHOD IT K.K. (メソッドIT 株式会社)",71,2,"10-11","2016-11-08 23:22:13","2016-11-08 23:22:13"
4112,350,"有限会社ミトリ",71,2,"8-9","2016-11-08 23:22:13","2016-11-08 23:22:13"
4113,450,"株式会社フェーズワン",71,2,"8-9","2016-11-08 23:22:14","2016-11-08 23:22:14"
4114,350,"エヌ・ティ・ティ・システム技研株式会社",71,2,"9-10","2016-11-08 23:22:14","2016-11-08 23:22:14"
4115,450,"株式会社フォウカス",71,2,"10-11","2016-11-08 23:22:14","2016-11-08 23:22:14"
4116,450,"株式会社富士通北海道システムズ",71,2,"10-11","2016-11-08 23:22:14","2016-11-08 23:22:14"
4134,450,"ダータワーズジャパン株式会社",70,2,"10-11","2016-11-08 23:22:17","2016-11-08 23:22:17"
4142,450,"株式会社ネットランド",70,2,"10-11","2016-11-08 23:22:20","2016-11-08 23:22:20"
4143,550,"株式会社グロービクス",70,2,"8-9","2016-11-08 23:22:20","2016-11-08 23:22:20"
4144,350,"ＳＴＣ株式会社",70,2,"10-11","2016-11-08 23:22:20","2016-11-08 23:22:20"
4146,550,"ｅ－まちタウン株式会社",70,2,"8-9","2016-11-08 23:22:21","2016-11-08 23:22:21"
4149,550,"ＮＳＤビジネスサービス株式会社",69,2,"8-9","2016-11-08 23:22:22","2016-11-08 23:22:22"
4153,350,"株式会社ホライズン・データ・ワークス",69,2,"8-9","2016-11-08 23:22:23","2016-11-08 23:22:23"
4162,350,"株式会社オッズファクトリー",69,2,"8-9","2016-11-08 23:22:24","2016-11-08 23:22:24"
4168,550,"Rapyuta Robotics株式会社",69,2,"8-9","2016-11-08 23:22:25","2016-11-08 23:22:25"
4172,350,"株式会社フォルテ",69,2,"8-9","2016-11-08 23:22:25","2016-11-08 23:22:25"
4173,350,"ポッピンゲームズジャパン株式会社",69,2,"8-9","2016-11-08 23:22:25","2016-11-08 23:22:25"
4174,350,"株式会社アテラ",69,2,"9-10","2016-11-08 23:22:25","2016-11-08 23:22:25"
4175,550,"株式会社システムリンクス",69,2,"8-9","2016-11-08 23:22:26","2016-11-08 23:22:26"
4177,450,"株式会社バサラ",69,2,"9-10","2016-11-08 23:22:26","2016-11-08 23:22:26"
4178,550,"株式会社ウイスターエレクトロニクス",69,2,"8-9","2016-11-08 23:22:26","2016-11-08 23:22:26"
4179,350,"株式会社東京ステップ",69,2,"10-11","2016-11-08 23:22:26","2016-11-08 23:22:26"
4180,350,"マッチングワールド株式会社",69,2,"9-10","2016-11-08 23:22:26","2016-11-08 23:22:26"
4185,425,"クロスフィニティ株式会社",68,2,"9-10","2016-11-08 23:22:27","2016-11-08 23:22:27"
4186,350,"株式会社アイスタンダード",68,2,"9-10","2016-11-08 23:22:27","2016-11-08 23:22:27"
4197,450,"株式会社クラスコンピュータ",68,1,"8-9","2016-11-08 23:22:29","2016-11-08 23:22:29"
4200,450,"株式会社ケムコ",68,2,"9-10","2016-11-08 23:22:29","2016-11-08 23:22:29"
4201,350,"中文産業株式会社",68,2,"8-9","2016-11-08 23:22:29","2016-11-08 23:22:29"
4202,650,"株式会社ジーニアス",68,2,"8-9","2016-11-08 23:22:30","2016-11-08 23:22:30"
4204,450,"株式会社システム・アイ",67,2,"10-11","2016-11-08 23:22:31","2016-11-08 23:22:31"
4205,450,"サイエンス・テクノロジー・システムズ株式会社",67,2,"10-11","2016-11-08 23:22:31","2016-11-08 23:22:31"
4207,750,"株式会社ネクストジェン",67,2,"10-11","2016-11-08 23:22:31","2016-11-08 23:22:31"
4209,350,"株式会社インフィニ",67,2,"9-10","2016-11-08 23:22:31","2016-11-08 23:22:31"
4213,350,"株式会社IMソリューション",67,2,"9-10","2016-11-08 23:22:32","2016-11-08 23:22:32"
4217,350,"株式会社スリーツービー・ワン",67,2,"8-9","2016-11-08 23:22:33","2016-11-08 23:22:33"
4218,450,"株式会社エリッQoo",67,2,"8-9","2016-11-08 23:22:33","2016-11-08 23:22:33"
4220,350,"株式会社ＨＢＢ",67,2,"10-11","2016-11-08 23:22:33","2016-11-08 23:22:33"
4221,350,"株式会社ゼロスタートコミュニケーションズ",67,2,"10-11","2016-11-08 23:22:33","2016-11-08 23:22:33"
4222,450,"株式会社アイリンク",67,2,"9-10","2016-11-08 23:22:33","2016-11-08 23:22:33"
4224,450,"株式会社ジャム",67,2,"10-11","2016-11-08 23:22:34","2016-11-08 23:22:34"
4225,450,"株式会社クリスタルナイスコーポレーション",67,2,"8-9","2016-11-08 23:22:34","2016-11-08 23:22:34"
4226,350,"チェスコムインターナショナル株式会社",67,2,"8-9","2016-11-08 23:22:34","2016-11-08 23:22:34"
4227,350,"株式会社ダイナ",67,2,"8-9","2016-11-08 23:22:34","2016-11-08 23:22:34"
4228,450,"株式会社ピー・アール・オー",67,2,"8-9","2016-11-08 23:22:35","2016-11-08 23:22:35"
4229,350,"サンテク株式会社",67,2,"8-9","2016-11-08 23:22:35","2016-11-08 23:22:35"
4230,600,"日本ユニシス株式会社",66,2,"9-10","2016-11-08 23:22:35","2016-11-08 23:22:35"
4232,325,"株式会社ブランジスタ",66,2,"10-11","2016-11-08 23:22:37","2016-11-08 23:22:37"
4234,400,"クアドラングル株式会社",66,2,"9-10","2016-11-08 23:22:37","2016-11-08 23:22:37"
4236,350,"クリエイティブソリューション株式会社",66,2,"8-9","2016-11-08 23:22:37","2016-11-08 23:22:37"
4237,600,"株式会社ネットウォーカー",66,2,"8-9","2016-11-08 23:22:37","2016-11-08 23:22:37"
4244,450,"株式会社G.S.A",66,2,"8-9","2016-11-08 23:22:38","2016-11-08 23:22:38"
4247,450,"三友国際株式会社",66,2,"8-9","2016-11-08 23:22:39","2016-11-08 23:22:39"
4249,300,"株式会社トーテック",66,2,"9-10","2016-11-08 23:22:39","2016-11-08 23:22:39"
4250,550,"株式会社リブスター",66,2,"8-9","2016-11-08 23:22:39","2016-11-08 23:22:39"
4251,350,"株式会社オリコオート東京",66,2,"9-10","2016-11-08 23:22:39","2016-11-08 23:22:39"
4254,450,"株式会社フォワードネットワーク",66,2,"8-9","2016-11-08 23:22:41","2016-11-08 23:22:41"
4256,550,"株式会社テラサービス",66,2,"10-11","2016-11-08 23:22:41","2016-11-08 23:22:41"
4259,450,"株式会社創英",66,2,"8-9","2016-11-08 23:22:41","2016-11-08 23:22:41"
4261,550,"株式会社タツモト",66,2,"9-10","2016-11-08 23:22:41","2016-11-08 23:22:41"
4262,350,"株式会社システム・フォース",66,2,"9-10","2016-11-08 23:22:42","2016-11-08 23:22:42"
4263,550,"株式会社ＭＳＴコーポレーション",66,2,"9-10","2016-11-08 23:22:42","2016-11-08 23:22:42"
4264,450,"株式会社ブレインコンサルティングオフィス",66,2,"10-11","2016-11-08 23:22:42","2016-11-08 23:22:42"
4265,850,"富士通",65,2,"8-9","2016-11-08 23:22:42","2016-11-08 23:22:42"
4269,350,"株式会社Best Creation",65,2,"9-10","2016-11-08 23:22:43","2016-11-08 23:22:43"
4272,350,"株式会社ソフィアシステムズ",65,2,"9-10","2016-11-08 23:22:43","2016-11-08 23:22:43"
4273,650,"有限会社アルティネット",65,2,"8-9","2016-11-08 23:22:43","2016-11-08 23:22:43"
4274,350,"株式会社アラウダ",65,2,"9-10","2016-11-08 23:22:44","2016-11-08 23:22:44"
4275,400,"株式会社インタースペース",65,2,"9-10","2016-11-08 23:22:44","2016-11-08 23:22:44"
4276,450,"株式会社オーバルネクスト",65,2,"8-9","2016-11-08 23:22:44","2016-11-08 23:22:44"
4278,450,"株式会社インターコネクト",65,1,"10-11","2016-11-08 23:22:44","2016-11-08 23:22:44"
4280,450,"アラン株式会社",65,2,"9-10","2016-11-08 23:22:44","2016-11-08 23:22:44"
4281,450,"三友システム株式会社",65,2,"10-11","2016-11-08 23:22:45","2016-11-08 23:22:45"
4283,450,"キヤノンソフト情報システム株式会社",64,2,"8-9","2016-11-08 23:22:45","2016-11-08 23:22:45"
4284,400,"株式会社陽光",64,2,"9-10","2016-11-08 23:22:45","2016-11-08 23:22:45"
4285,700,"プレミアコンファレンシング株式会社",64,2,"8-9","2016-11-08 23:22:45","2016-11-08 23:22:45"
4286,350,"株式会社エルモス",64,2,"8-9","2016-11-08 23:22:45","2016-11-08 23:22:45"
4287,350,"株式会社ジェーアイシー",64,2,"10-11","2016-11-08 23:22:47","2016-11-08 23:22:47"
4288,350,"株式会社シースクェア",64,2,"8-9","2016-11-08 23:22:47","2016-11-08 23:22:47"
4289,350,"日本電子開発株式会社",64,3,"10-11","2016-11-08 23:22:47","2016-11-08 23:22:47"
4291,450,"株式会社ヘルツテック",64,2,"9-10","2016-11-08 23:22:47","2016-11-08 23:22:47"
4292,400,"株式会社スタジオ・アルカナ",64,2,"10-11","2016-11-08 23:22:47","2016-11-08 23:22:47"
4293,450,"株式会社スティルフィッシュ",64,2,"8-9","2016-11-08 23:22:47","2016-11-08 23:22:47"
4297,350,"株式会社シー・エム・エス",64,2,"10-11","2016-11-08 23:22:48","2016-11-08 23:22:48"
4299,350,"株式会社ＯＲＳＯ",64,2,"8-9","2016-11-08 23:22:48","2016-11-08 23:22:48"
4300,450,"株式会社ヒューマンオーク",64,2,"9-10","2016-11-08 23:22:48","2016-11-08 23:22:48"
4301,950,"イー・キャッシュ株式会社",64,2,"9-10","2016-11-08 23:22:48","2016-11-08 23:22:48"
4303,450,"株式会社スペースアルク",64,2,"8-9","2016-11-08 23:22:49","2016-11-08 23:22:49"
4305,550,"株式会社アプレッソ",64,2,"8-9","2016-11-08 23:22:49","2016-11-08 23:22:49"
4306,350,"株式会社スカイ",64,1,"8-9","2016-11-08 23:22:49","2016-11-08 23:22:49"
4307,350,"株式会社ソフトビジョン",64,2,"9-10","2016-11-08 23:22:49","2016-11-08 23:22:49"
4308,450,"株式会社キュリオシティ",64,2,"8-9","2016-11-08 23:22:50","2016-11-08 23:22:50"
4309,550,"株式会社情報数理研究所",64,2,"8-9","2016-11-08 23:22:50","2016-11-08 23:22:50"
4310,450,"株式会社三越情報サービス",64,2,"8-9","2016-11-08 23:22:50","2016-11-08 23:22:50"
4311,350,"アルバ株式会社",64,2,"9-10","2016-11-08 23:22:50","2016-11-08 23:22:50"
4312,450,"ソナー株式会社",64,2,"9-10","2016-11-08 23:22:50","2016-11-08 23:22:50"
4313,350,"株式会社シフト",64,2,"9-10","2016-11-08 23:22:50","2016-11-08 23:22:50"
4314,350,"エスビーサイバーパス株式会社",64,2,"8-9","2016-11-08 23:22:51","2016-11-08 23:22:51"
4315,350,"株式会社カフェグローブ・ドット・コム",64,2,"9-10","2016-11-08 23:22:51","2016-11-08 23:22:51"
4316,350,"プライム・システムズ株式会社",64,2,"9-10","2016-11-08 23:22:51","2016-11-08 23:22:51"
4317,450,"株式会社アイエムジー",64,2,"8-9","2016-11-08 23:22:51","2016-11-08 23:22:51"
4318,450,"株式会社アビ・グローバル",64,2,"8-9","2016-11-08 23:22:51","2016-11-08 23:22:51"
4320,350,"株式会社スリーエイシステム",63,2,"8-9","2016-11-08 23:22:51","2016-11-08 23:22:51"
4322,350,"株式会社システムライフ",63,2,"10-11","2016-11-08 23:22:52","2016-11-08 23:22:52"
4323,450,"株式会社イーセクター",63,2,"8-9","2016-11-08 23:22:52","2016-11-08 23:22:52"
4324,450,"福博印刷株式会社",63,2,"8-9","2016-11-08 23:22:52","2016-11-08 23:22:52"
4325,450,"株式会社創和サイエンス",63,2,"8-9","2016-11-08 23:22:52","2016-11-08 23:22:52"
4327,350,"株式会社インフォメーション・アーキテクチャ研究所",63,2,"10-11","2016-11-08 23:22:52","2016-11-08 23:22:52"
4328,350,"株式会社ＹＯＺＡＮ",63,2,"8-9","2016-11-08 23:22:53","2016-11-08 23:22:53"
4330,350,"株式会社アトラス",63,2,"8-9","2016-11-08 23:22:53","2016-11-08 23:22:53"
4331,400,"株式会社ＡＳＪ",63,1,"8-9","2016-11-08 23:22:53","2016-11-08 23:22:53"
4332,350,"エム・ビー・エス株式会社",63,1,"8-9","2016-11-08 23:22:53","2016-11-08 23:22:53"
4333,350,"株式会社テクノプロジェクト",63,2,"8-9","2016-11-08 23:22:53","2016-11-08 23:22:53"
4334,350,"株式会社エスアイピー",62,2,"8-9","2016-11-08 23:22:53","2016-11-08 23:22:53"
4335,450,"キューエンタテインメント株式会社",62,2,"9-10","2016-11-08 23:22:53","2016-11-08 23:22:53"
4336,500,"株式会社サイバーフロント",62,2,"9-10","2016-11-08 23:22:54","2016-11-08 23:22:54"
4337,450,"株式会社中国日立情報システムズ",62,2,"9-10","2016-11-08 23:22:54","2016-11-08 23:22:54"
4338,350,"株式会社インターウォッチ",62,2,"8-9","2016-11-08 23:22:54","2016-11-08 23:22:54"
4340,350,"株式会社フィジオス",62,2,"10-11","2016-11-08 23:22:56","2016-11-08 23:22:56"
4342,550,"株式会社九州日立情報システムズ",62,2,"8-9","2016-11-08 23:22:56","2016-11-08 23:22:56"
4344,650,"パナソニックネットワークサービシズ株式会社",62,2,"8-9","2016-11-08 23:22:57","2016-11-08 23:22:57"
4345,350,"株式会社エヌ・ティ・ティ・データ・スミス",62,2,"8-9","2016-11-08 23:22:57","2016-11-08 23:22:57"
4346,393,"テクノプロエンジニアリング",61,2,"9-10","2016-11-08 23:22:57","2016-11-08 23:22:57"
4349,375,"株式会社ダイテック",61,2,"8-9","2016-11-08 23:22:57","2016-11-08 23:22:57"
4353,350,"株式会社クークー",61,2,"8-9","2016-11-08 23:22:58","2016-11-08 23:22:58"
4354,350,"バン・データ・システム株式会社",61,4,"8-9","2016-11-08 23:22:58","2016-11-08 23:22:58"
4355,350,"有限会社ピーエイチカンパニー",61,2,"9-10","2016-11-08 23:22:58","2016-11-08 23:22:58"
4356,350,"アイプラザ株式会社",61,2,"8-9","2016-11-08 23:22:58","2016-11-08 23:22:58"
4357,550,"株式会社デジタル・インフォ・プロデュース",61,2,"9-10","2016-11-08 23:22:58","2016-11-08 23:22:58"
4359,550,"アドクリエイション株式会社",61,2,"10-11","2016-11-08 23:22:59","2016-11-08 23:22:59"
4362,383,"株式会社ベイキューブシー",60,2,"9-10","2016-11-08 23:22:59","2016-11-08 23:22:59"
4363,417,"日本システムスタディ株式会社",60,6,"10-11","2016-11-08 23:22:59","2016-11-08 23:22:59"
4364,450,"株式会社ジョイント・アセットマネジメント",60,2,"8-9","2016-11-08 23:22:59","2016-11-08 23:22:59"
4365,350,"エムエスシステム株式会社",60,2,"8-9","2016-11-08 23:23:00","2016-11-08 23:23:00"
4366,450,"株式会社Coolpat",60,2,"8-9","2016-11-08 23:23:00","2016-11-08 23:23:00"
4367,350,"株式会社インターカタログネット",60,2,"10-11","2016-11-08 23:23:00","2016-11-08 23:23:00"
4368,350,"フォースクーナ株式会社",60,2,"8-9","2016-11-08 23:23:00","2016-11-08 23:23:00"
4370,550,"テラリコン・インコーポレイテッド",60,2,"8-9","2016-11-08 23:23:00","2016-11-08 23:23:00"
4371,450,"株式会社コムソフト",60,2,"10-11","2016-11-08 23:23:02","2016-11-08 23:23:02"
4373,450,"ビクターテクノブレーン株式会社",60,2,"9-10","2016-11-08 23:23:02","2016-11-08 23:23:02"
4374,750,"株式会社アルファブレーンコンサルタント",60,2,"9-10","2016-11-08 23:23:02","2016-11-08 23:23:02"
4376,350,"ウェブソア株式会社",59,2,"9-10","2016-11-08 23:23:03","2016-11-08 23:23:03"
4377,583,"株式会社インテリジェントウェイブ",59,2,"9-10","2016-11-08 23:23:03","2016-11-08 23:23:03"
4378,450,"株式会社メテオライズ",59,2,"10-11","2016-11-08 23:23:03","2016-11-08 23:23:03"
4379,350,"ＫＣＰ株式会社",59,1,"8-9","2016-11-08 23:23:03","2016-11-08 23:23:03"
4380,350,"株式会社湘南",59,2,"9-10","2016-11-08 23:23:03","2016-11-08 23:23:03"
4382,350,"株式会社システムアルファ",59,2,"8-9","2016-11-08 23:23:04","2016-11-08 23:23:04"
4384,300,"株式会社SEIコミュニケーションズ",58,2,"9-10","2016-11-08 23:23:04","2016-11-08 23:23:04"
4385,300,"東京ソフトウェア株式会社",58,2,"9-10","2016-11-08 23:23:04","2016-11-08 23:23:04"
4389,350,"株式会社カリス",58,1,"8-9","2016-11-08 23:23:06","2016-11-08 23:23:06"
4390,450,"株式会社スクウェア・エニックスモバイルスタジオ",58,2,"8-9","2016-11-08 23:23:06","2016-11-08 23:23:06"
4391,317,"共同コンピュータ株式会社",58,2,"8-9","2016-11-08 23:23:06","2016-11-08 23:23:06"
4392,400,"株式会社セルム・サテライトマネジメント",58,2,"9-10","2016-11-08 23:23:06","2016-11-08 23:23:06"
4393,300,"トリニティータークインターナショナル株式会社",58,2,"8-9","2016-11-08 23:23:07","2016-11-08 23:23:07"
4395,450,"株式会社エイビス",58,2,"9-10","2016-11-08 23:23:07","2016-11-08 23:23:07"
4398,350,"株式会社フュージョニア",57,2,"8-9","2016-11-08 23:23:07","2016-11-08 23:23:07"
4400,350,"株式会社アールストリーム",57,2,"10-11","2016-11-08 23:23:08","2016-11-08 23:23:08"
4401,350,"株式会社コムテップ",57,2,"9-10","2016-11-08 23:23:08","2016-11-08 23:23:08"
4402,450,"株式会社アクロックス",57,2,"9-10","2016-11-08 23:23:08","2016-11-08 23:23:08"
4405,350,"株式会社ジオン",55,3,"8-9","2016-11-08 23:23:08","2016-11-08 23:23:08"
4406,450,"株式会社オプト・ジャパン",55,2,"9-10","2016-11-08 23:23:09","2016-11-08 23:23:09"
4407,350,"有限会社エーツーシステム",54,2,"10-11","2016-11-08 23:23:09","2016-11-08 23:23:09"
4408,450,"株式会社システム工房東京",54,1,"8-9","2016-11-08 23:23:09","2016-11-08 23:23:09"
4409,350,"株式会社デジタルデザイン",54,2,"9-10","2016-11-08 23:23:09","2016-11-08 23:23:09"
4411,450,"株式会社ヒューマンキャピタル",53,2,"8-9","2016-11-08 23:23:09","2016-11-08 23:23:09"
4412,400,"株式会社コスメディア",52,2,"9-10","2016-11-08 23:23:09","2016-11-08 23:23:09"
4413,350,"日立コンピュータエレクトロニクス",52,2,"9-10","2016-11-08 23:23:09","2016-11-08 23:23:09"
4414,650,"株式会社シーエスシー",48,2,"9-10","2016-11-08 23:23:11","2016-11-08 23:23:11"
4416,350,"株式会社ジャックインザボックス",46,2,"8-9","2016-11-08 23:23:11","2016-11-08 23:23:11"
4417,350,"株式会社サイバープロ",46,2,"8-9","2016-11-08 23:23:11","2016-11-08 23:23:11"
4530,450,"Tencent",80,1,"9-10","2016-11-08 23:23:40","2016-11-08 23:23:40"
4531,433,"株式会社オプト",78,1,"10-11","2016-11-08 23:23:40","2016-11-08 23:23:40"
4532,650,"株式会社ファーストステップ",76,1,"10-11","2016-11-08 23:23:41","2016-11-08 23:23:41"
4533,550,"株式会社サリオンシステムズリサーチ",76,1,"9-10","2016-11-08 23:23:41","2016-11-08 23:23:41"
4537,450,"株式会社VASILY",75,1,"10-11","2016-11-08 23:23:41","2016-11-08 23:23:41"
4541,350,"有限会社メディアランプ",74,1,"9-10","2016-11-08 23:23:42","2016-11-08 23:23:42"
4545,400,"株式会社ピーエスエス",72,3,"8-9","2016-11-08 23:23:42","2016-11-08 23:23:42"
4552,400,"株式会社ユニアワークス",70,1,"8-9","2016-11-08 23:23:44","2016-11-08 23:23:44"
4556,850,"株式会社ＫＧＫエンジニアリング",70,1,"8-9","2016-11-08 23:23:44","2016-11-08 23:23:44"
4558,750,"リアライズ・モバイル・コミュニケーションズ株式会社",69,3,"8-9","2016-11-08 23:23:45","2016-11-08 23:23:45"
4561,650,"株式会社アセットシステム",69,1,"8-9","2016-11-08 23:23:45","2016-11-08 23:23:45"
4564,350,"株式会社エーアイパシフィック",68,1,"8-9","2016-11-08 23:23:46","2016-11-08 23:23:46"
4565,650,"株式会社ユニコーン",68,1,"8-9","2016-11-08 23:23:46","2016-11-08 23:23:46"
4572,650,"十条電子株式会社",67,1,"10-11","2016-11-08 23:23:47","2016-11-08 23:23:47"
4573,350,"アイザックシステムズ株式会社",66,1,"8-9","2016-11-08 23:23:47","2016-11-08 23:23:47"
4574,475,"maneo株式会社",66,1,"8-9","2016-11-08 23:23:47","2016-11-08 23:23:47"
4577,350,"ＰＣＩホールディングス株式会社",66,1,"9-10","2016-11-08 23:23:47","2016-11-08 23:23:47"
4578,750,"メディアラグ株式会社",65,1,"10-11","2016-11-08 23:23:48","2016-11-08 23:23:48"
4579,350,"株式会社ソフネット",64,1,"9-10","2016-11-08 23:23:48","2016-11-08 23:23:48"
4580,350,"システムウッド株式会社",64,1,"9-10","2016-11-08 23:23:48","2016-11-08 23:23:48"
4582,450,"株式会社セリック",64,1,"9-10","2016-11-08 23:23:48","2016-11-08 23:23:48"
4583,350,"株式会社シーグリーン",64,1,"10-11","2016-11-08 23:23:48","2016-11-08 23:23:48"
4586,450,"株式会社アイ・ウェイブ・デザイン",64,1,"10-11","2016-11-08 23:23:49","2016-11-08 23:23:49"
4587,450,"ケイ・アイシステム株式会社",63,1,"9-10","2016-11-08 23:23:49","2016-11-08 23:23:49"
4588,550,"株式会社アイエムエム",63,1,"9-10","2016-11-08 23:23:49","2016-11-08 23:23:49"
4589,350,"リプライス株式会社",62,1,"8-9","2016-11-08 23:23:51","2016-11-08 23:23:51"
4590,550,"（株）ケイ・シー・シー",61,1,"10-11","2016-11-08 23:23:51","2016-11-08 23:23:51"
4591,350,"株式会社トライアッシュ",60,1,"8-9","2016-11-08 23:23:51","2016-11-08 23:23:51"
4593,650,"株式会社マーベリック",59,1,"9-10","2016-11-08 23:23:52","2016-11-08 23:23:52"
4594,350,"となみ衛星通信テレビ株式会社",59,1,"9-10","2016-11-08 23:23:52","2016-11-08 23:23:52"
4596,1050,"インフィネラジャパン株式会社",57,1,"9-10","2016-11-08 23:23:52","2016-11-08 23:23:52"
4599,400,"KITシステムズ株式会社",56,1,"10-11","2016-11-08 23:23:53","2016-11-08 23:23:53"
4601,300,"株式会社ウェルネット",54,1,"10-11","2016-11-08 23:23:54","2016-11-08 23:23:54"
4603,350,"株式会社パル",52,1,"9-10","2016-11-08 23:23:55","2016-11-08 23:23:55"
4604,350,"株式会社Ｋａｒｉｇｏ",52,1,"8-9","2016-11-08 23:23:55","2016-11-08 23:23:55"
4605,300,"株式会社ニッポンテクニカルサービス",52,1,"9-10","2016-11-08 23:23:55","2016-11-08 23:23:55"
4633,350,"ノーステックテレコム株式会社",77,5,"8-9","2016-11-08 23:24:01","2016-11-08 23:24:01"
4634,450,"株式会社ハイファイブ",73,2,"8-9","2016-11-08 23:24:02","2016-11-08 23:24:02"
